Season,Team,Date,Next Day,Time,Round,Day,Venue,Result,GF,GA,Opponent,xG,xGA,Poss,Attendance,Captain,Formation,Referee,Match Report,Notes,Time Fixed,Query,Query2
2021/2022,Arsenal,2022-04-23,2022-04-24,12:30 ,Matchweek 34,Sat,Home,W,3,1,Manchester Utd,2.2,2.1,55,"60,223",Martin Ødegaard,4-2-3-1,Craig Pawson,Match Report,,04-23-2022 12:30 ,Arsenal until:2022-04-23,Arsenal until:2022-04-24
2021/2022,Tottenham,2022-04-23,2022-04-24,17:30 ,Matchweek 34,Sat,Away,D,0,0,Brentford,0.7,0.8,55,"17,072",Hugo Lloris,3/4/2003,Martin Atkinson,Match Report,,04-23-2022 17:30 ,Tottenham until:2022-04-23,Tottenham until:2022-04-24
2021/2022,Arsenal,2022-04-20,2022-04-21,19:45 ,Matchweek 25,Wed,Away,W,4,2,Chelsea,2.5,0.7,34,"32,249",Martin Ødegaard,4-2-3-1,Jonathan Moss,Match Report,,04-20-2022 19:45 ,Arsenal until:2022-04-20,Arsenal until:2022-04-21
2021/2022,Arsenal,2022-04-16,2022-04-17,15:00 ,Matchweek 33,Sat,Away,L,0,1,Southampton,1.7,0.7,75,"31,465",Martin Ødegaard,4/3/2003,Peter Bankes,Match Report,,04-16-2022 15:00 ,Arsenal until:2022-04-16,Arsenal until:2022-04-17
2021/2022,Tottenham,2022-04-16,2022-04-17,12:30 ,Matchweek 33,Sat,Home,L,0,1,Brighton,0.4,0.7,48,"58,685",Hugo Lloris,3/4/2003,Craig Pawson,Match Report,,04-16-2022 12:30 ,Tottenham until:2022-04-16,Tottenham until:2022-04-17
2021/2022,Arsenal,2022-04-09,2022-04-10,15:00 ,Matchweek 32,Sat,Home,L,1,2,Brighton,1.8,0.5,63,"60,112",Alexandre Lacazette,4-2-3-1,David Coote,Match Report,,04-09-2022 15:00 ,Arsenal until:2022-04-09,Arsenal until:2022-04-10
2021/2022,Tottenham,2022-04-09,2022-04-10,17:30 ,Matchweek 32,Sat,Away,W,4,0,Aston Villa,1,1.6,49,"41,949",Hugo Lloris,3/4/2003,Graham Scott,Match Report,,04-09-2022 17:30 ,Tottenham until:2022-04-09,Tottenham until:2022-04-10
2021/2022,Arsenal,2022-04-04,2022-04-05,20:00 ,Matchweek 31,Mon,Away,L,0,3,Crystal Palace,0.8,1.6,67,"25,149",Alexandre Lacazette,4-2-3-1,Paul Tierney,Match Report,,04-04-2022 20:00 ,Arsenal until:2022-04-04,Arsenal until:2022-04-05
2021/2022,Tottenham,2022-04-03,2022-04-04,16:30 ,Matchweek 31,Sun,Home,W,5,1,Newcastle Utd,3.1,0.6,61,"57,553",Hugo Lloris,3/4/2003,Martin Atkinson,Match Report,,04-03-2022 16:30 ,Tottenham until:2022-04-03,Tottenham until:2022-04-04
2021/2022,Tottenham,2022-03-20,2022-03-21,16:30 ,Matchweek 30,Sun,Home,W,3,1,West Ham,2.5,0.6,53,"58,685",Hugo Lloris,3/4/2003,Anthony Taylor,Match Report,,03-20-2022 16:30 ,Tottenham until:2022-03-20,Tottenham until:2022-03-21
2021/2022,Arsenal,2022-03-19,2022-03-20,12:30 ,Matchweek 30,Sat,Away,W,1,0,Aston Villa,1.3,0.4,54,"41,956",Alexandre Lacazette,4/3/2003,Andy Madley,Match Report,,03-19-2022 12:30 ,Arsenal until:2022-03-19,Arsenal until:2022-03-20
2021/2022,Arsenal,2022-03-16,2022-03-17,20:15 ,Matchweek 27,Wed,Home,L,0,2,Liverpool,0.5,0.8,50,"59,968",Alexandre Lacazette,4-2-3-1,Andre Marriner,Match Report,,03-16-2022 20:15 ,Arsenal until:2022-03-16,Arsenal until:2022-03-17
2021/2022,Tottenham,2022-03-16,2022-03-17,19:30 ,Matchweek 16,Wed,Away,W,2,0,Brighton,2.4,0.7,52,"31,144",Hugo Lloris,3/4/2003,Robert Jones,Match Report,,03-16-2022 19:30 ,Tottenham until:2022-03-16,Tottenham until:2022-03-17
2021/2022,Arsenal,2022-03-13,2022-03-14,16:30 ,Matchweek 29,Sun,Home,W,2,0,Leicester City,2.3,0.3,46,"60,111",Alexandre Lacazette,4-2-3-1,Anthony Taylor,Match Report,,03-13-2022 16:30 ,Arsenal until:2022-03-13,Arsenal until:2022-03-14
2021/2022,Tottenham,2022-03-12,2022-03-13,17:30 ,Matchweek 29,Sat,Away,L,2,3,Manchester Utd,1.3,1.1,57,"73,458",Hugo Lloris,3/4/2003,Jonathan Moss,Match Report,,03-12-2022 17:30 ,Tottenham until:2022-03-12,Tottenham until:2022-03-13
2021/2022,Tottenham,2022-03-07,2022-03-08,20:00 ,Matchweek 28,Mon,Home,W,5,0,Everton,2.9,0.2,55,"59,647",Hugo Lloris,3/4/2003,Stuart Attwell,Match Report,,03-07-2022 20:00 ,Tottenham until:2022-03-07,Tottenham until:2022-03-08
2021/2022,Arsenal,2022-03-06,2022-03-07,14:00 ,Matchweek 28,Sun,Away,W,3,2,Watford,1.4,1.5,56,"21,142",Alexandre Lacazette,4-2-3-1,Craig Pawson,Match Report,,03-06-2022 14:00 ,Arsenal until:2022-03-06,Arsenal until:2022-03-07
2021/2022,Tottenham,2022-02-26,2022-02-27,12:30 ,Matchweek 27,Sat,Away,W,4,0,Leeds United,2.4,1.5,51,"36,599",Hugo Lloris,3/4/2003,Craig Pawson,Match Report,,02-26-2022 12:30 ,Tottenham until:2022-02-26,Tottenham until:2022-02-27
2021/2022,Arsenal,2022-02-24,2022-02-25,19:45 ,Matchweek 20,Thu,Home,W,2,1,Wolves,2.7,1,55,"59,888",Alexandre Lacazette,4-2-3-1,Martin Atkinson,Match Report,,02-24-2022 19:45 ,Arsenal until:2022-02-24,Arsenal until:2022-02-25
2021/2022,Tottenham,2022-02-23,2022-02-24,19:30 ,Matchweek 13,Wed,Away,L,0,1,Burnley,0.9,1.1,64,"19,488",Hugo Lloris,3/4/2003,Graham Scott,Match Report,,02-23-2022 19:30 ,Tottenham until:2022-02-23,Tottenham until:2022-02-24
2021/2022,Arsenal,2022-02-19,2022-02-20,15:00 ,Matchweek 26,Sat,Home,W,2,1,Brentford,2.1,0.6,67,"59,249",Alexandre Lacazette,4-2-3-1,Jonathan Moss,Match Report,,02-19-2022 15:00 ,Arsenal until:2022-02-19,Arsenal until:2022-02-20
2021/2022,Tottenham,2022-02-19,2022-02-20,17:30 ,Matchweek 26,Sat,Away,W,3,2,Manchester City,1.8,2.1,29,"53,201",Hugo Lloris,3/4/2003,Anthony Taylor,Match Report,,02-19-2022 17:30 ,Tottenham until:2022-02-19,Tottenham until:2022-02-20
2021/2022,Tottenham,2022-02-13,2022-02-14,14:00 ,Matchweek 25,Sun,Home,L,0,2,Wolves,1.4,1.3,59,"56,452",Hugo Lloris,3/4/2003,Kevin Friend,Match Report,,02-13-2022 14:00 ,Tottenham until:2022-02-13,Tottenham until:2022-02-14
2021/2022,Arsenal,2022-02-10,2022-02-11,19:45 ,Matchweek 24,Thu,Away,W,1,0,Wolves,1.8,0.9,40,"31,523",Alexandre Lacazette,4-2-3-1,Michael Oliver,Match Report,,02-10-2022 19:45 ,Arsenal until:2022-02-10,Arsenal until:2022-02-11
2021/2022,Tottenham,2022-02-09,2022-02-10,19:45 ,Matchweek 24,Wed,Home,L,2,3,Southampton,1.5,2.7,48,"54,012",Hugo Lloris,3/4/2003,David Coote,Match Report,,02-09-2022 19:45 ,Tottenham until:2022-02-09,Tottenham until:2022-02-10
2021/2022,Arsenal,2022-01-23,2022-01-24,14:00 ,Matchweek 23,Sun,Home,D,0,0,Burnley,1.2,0.4,74,"59,255",Alexandre Lacazette,4-1-4-1,David Coote,Match Report,,01-23-2022 14:00 ,Arsenal until:2022-01-23,Arsenal until:2022-01-24
2021/2022,Tottenham,2022-01-23,2022-01-24,16:30 ,Matchweek 23,Sun,Away,L,0,2,Chelsea,0.4,0.9,35,"40,020",Hugo Lloris,4/4/2002,Paul Tierney,Match Report,,01-23-2022 16:30 ,Tottenham until:2022-01-23,Tottenham until:2022-01-24
2021/2022,Tottenham,2022-01-19,2022-01-20,19:30 ,Matchweek 17,Wed,Away,W,3,2,Leicester City,3.7,1.5,52,"31,986",Hugo Lloris,3/5/2002,Jonathan Moss,Match Report,,01-19-2022 19:30 ,Tottenham until:2022-01-19,Tottenham until:2022-01-20
2021/2022,Arsenal,2022-01-01,2022-01-02,12:30 ,Matchweek 21,Sat,Home,L,1,2,Manchester City,1,1.8,30,"59,757",Alexandre Lacazette,4-2-3-1,Stuart Attwell,Match Report,,01-01-2022 12:30 ,Arsenal until:2022-01-01,Arsenal until:2022-01-02
2021/2022,Tottenham,2022-01-01,2022-01-02,15:00 ,Matchweek 21,Sat,Away,W,1,0,Watford,1.9,0.3,74,"20,391",Hugo Lloris,3/4/2003,Robert Jones,Match Report,,01-01-2022 15:00 ,Tottenham until:2022-01-01,Tottenham until:2022-01-02
2021/2022,Tottenham,2021-12-28,2021-12-29,15:00 ,Matchweek 20,Tue,Away,D,1,1,Southampton,2.4,0.4,64,"31,304",Hugo Lloris,3/4/2003,Anthony Taylor,Match Report,,12-28-2021 15:00 ,Tottenham until:2021-12-28,Tottenham until:2021-12-29
2021/2022,Arsenal,2021-12-26,2021-12-27,15:00 ,Matchweek 19,Sun,Away,W,5,0,Norwich City,2.5,0.1,64,"26,940",Alexandre Lacazette,4-2-3-1,Graham Scott,Match Report,,12-26-2021 15:00 ,Arsenal until:2021-12-26,Arsenal until:2021-12-27
2021/2022,Tottenham,2021-12-26,2021-12-27,15:00 ,Matchweek 19,Sun,Home,W,3,0,Crystal Palace,2.5,0.2,60,"40,539",Hugo Lloris,3/4/2003,Jonathan Moss,Match Report,,12-26-2021 15:00 ,Tottenham until:2021-12-26,Tottenham until:2021-12-27
2021/2022,Tottenham,2021-12-19,2021-12-20,16:30 ,Matchweek 18,Sun,Home,D,2,2,Liverpool,3.4,1.5,43,"45,421",Hugo Lloris,3/5/2002,Paul Tierney,Match Report,,12-19-2021 16:30 ,Tottenham until:2021-12-19,Tottenham until:2021-12-20
2021/2022,Arsenal,2021-12-18,2021-12-19,17:30 ,Matchweek 18,Sat,Away,W,4,1,Leeds United,3.2,1.6,49,"36,166",Alexandre Lacazette,4-2-3-1,Andre Marriner,Match Report,,12-18-2021 17:30 ,Arsenal until:2021-12-18,Arsenal until:2021-12-19
2021/2022,Arsenal,2021-12-15,2021-12-16,20:00 ,Matchweek 17,Wed,Home,W,2,0,West Ham,2.7,0.3,55,"59,777",Alexandre Lacazette,4-4-1-1,Anthony Taylor,Match Report,,12-15-2021 20:00 ,Arsenal until:2021-12-15,Arsenal until:2021-12-16
2021/2022,Arsenal,2021-12-11,2021-12-12,15:00 ,Matchweek 16,Sat,Home,W,3,0,Southampton,1.5,0.6,61,"59,653",Alexandre Lacazette,4-4-1-1,Jarred Gillett,Match Report,,12-11-2021 15:00 ,Arsenal until:2021-12-11,Arsenal until:2021-12-12
2021/2022,Arsenal,2021-12-06,2021-12-07,20:00 ,Matchweek 15,Mon,Away,L,1,2,Everton,1.2,1,63,"38,906",Alexandre Lacazette,4-2-3-1,Mike Dean,Match Report,,12-06-2021 20:00 ,Arsenal until:2021-12-06,Arsenal until:2021-12-07
2021/2022,Tottenham,2021-12-05,2021-12-06,14:00 ,Matchweek 15,Sun,Home,W,3,0,Norwich City,1.7,1.6,41,"57,088",Hugo Lloris,3/4/2003,Jarred Gillett,Match Report,,12-05-2021 14:00 ,Tottenham until:2021-12-05,Tottenham until:2021-12-06
2021/2022,Arsenal,2021-12-02,2021-12-03,20:15 ,Matchweek 14,Thu,Away,L,2,3,Manchester Utd,1.5,1.9,55,"73,123",Pierre-Emerick Aubameyang,4-4-1-1,Martin Atkinson,Match Report,,12-02-2021 20:15 ,Arsenal until:2021-12-02,Arsenal until:2021-12-03
2021/2022,Tottenham,2021-12-02,2021-12-03,19:30 ,Matchweek 14,Thu,Home,W,2,0,Brentford,2.4,0.3,47,"54,202",Hugo Lloris,3/4/2003,Jonathan Moss,Match Report,,12-02-2021 19:30 ,Tottenham until:2021-12-02,Tottenham until:2021-12-03
2021/2022,Arsenal,2021-11-27,2021-11-28,12:30 ,Matchweek 13,Sat,Home,W,2,0,Newcastle Utd,2,0.2,65,"59,886",Pierre-Emerick Aubameyang,4-4-1-1,Stuart Attwell,Match Report,,11-27-2021 12:30 ,Arsenal until:2021-11-27,Arsenal until:2021-11-28
2021/2022,Tottenham,2021-11-21,2021-11-22,16:30 ,Matchweek 12,Sun,Home,W,2,1,Leeds United,2,1.1,43,"58,989",Hugo Lloris,3/4/2003,Andre Marriner,Match Report,,11-21-2021 16:30 ,Tottenham until:2021-11-21,Tottenham until:2021-11-22
2021/2022,Arsenal,2021-11-20,2021-11-21,17:30 ,Matchweek 12,Sat,Away,L,0,4,Liverpool,0.4,4.3,37,"53,092",Pierre-Emerick Aubameyang,4-4-1-1,Michael Oliver,Match Report,,11-20-2021 17:30 ,Arsenal until:2021-11-20,Arsenal until:2021-11-21
2021/2022,Arsenal,2021-11-07,2021-11-08,14:00 ,Matchweek 11,Sun,Home,W,1,0,Watford,1.7,0.7,60,"59,833",Pierre-Emerick Aubameyang,4-4-1-1,Kevin Friend,Match Report,,11-07-2021 14:00 ,Arsenal until:2021-11-07,Arsenal until:2021-11-08
2021/2022,Tottenham,2021-11-07,2021-11-08,14:00 ,Matchweek 11,Sun,Away,D,0,0,Everton,0.8,0.5,56,"39,059",Hugo Lloris,3/4/2003,Chris Kavanagh,Match Report,,11-07-2021 14:00 ,Tottenham until:2021-11-07,Tottenham until:2021-11-08
2021/2022,Arsenal,2021-10-30,2021-10-31,12:30 ,Matchweek 10,Sat,Away,W,2,0,Leicester City,0.9,1.2,36,"32,209",Pierre-Emerick Aubameyang,4-4-1-1,Michael Oliver,Match Report,,10-30-2021 12:30 ,Arsenal until:2021-10-30,Arsenal until:2021-10-31
2021/2022,Tottenham,2021-10-30,2021-10-31,17:30 ,Matchweek 10,Sat,Home,L,0,3,Manchester Utd,0.7,1.2,58,"60,356",Hugo Lloris,4-2-3-1,Stuart Attwell,Match Report,,10-30-2021 17:30 ,Tottenham until:2021-10-30,Tottenham until:2021-10-31
2021/2022,Tottenham,2021-10-24,2021-10-25,14:00 ,Matchweek 9,Sun,Away,L,0,1,West Ham,0.7,1.2,61,"59,924",Hugo Lloris,4-2-3-1,Paul Tierney,Match Report,,10-24-2021 14:00 ,Tottenham until:2021-10-24,Tottenham until:2021-10-25
2021/2022,Arsenal,2021-10-22,2021-10-23,20:00 ,Matchweek 9,Fri,Home,W,3,1,Aston Villa,2.7,1.4,54,"59,496",Pierre-Emerick Aubameyang,4-2-3-1,Craig Pawson,Match Report,,10-22-2021 20:00 ,Arsenal until:2021-10-22,Arsenal until:2021-10-23
2021/2022,Arsenal,2021-10-18,2021-10-19,20:00 ,Matchweek 8,Mon,Home,D,2,2,Crystal Palace,1.4,0.9,55,"59,475",Pierre-Emerick Aubameyang,4-1-4-1,Mike Dean,Match Report,,10-18-2021 20:00 ,Arsenal until:2021-10-18,Arsenal until:2021-10-19
2021/2022,Tottenham,2021-10-17,2021-10-18,16:30 ,Matchweek 8,Sun,Away,W,3,2,Newcastle Utd,1.6,0.5,63,"52,214",Hugo Lloris,4-2-3-1,Andre Marriner,Match Report,,10-17-2021 16:30 ,Tottenham until:2021-10-17,Tottenham until:2021-10-18
2021/2022,Tottenham,2021-10-03,2021-10-04,14:00 ,Matchweek 7,Sun,Home,W,2,1,Aston Villa,1.7,1.1,58,"53,076",Hugo Lloris,4-2-3-1,Chris Kavanagh,Match Report,,10-03-2021 14:00 ,Tottenham until:2021-10-03,Tottenham until:2021-10-04
2021/2022,Arsenal,2021-10-02,2021-10-03,17:30 ,Matchweek 7,Sat,Away,D,0,0,Brighton,0.5,1.4,41,"31,266",Pierre-Emerick Aubameyang,4-2-3-1,Jonathan Moss,Match Report,,10-02-2021 17:30 ,Arsenal until:2021-10-02,Arsenal until:2021-10-03
2021/2022,Arsenal,2021-09-26,2021-09-27,16:30 ,Matchweek 6,Sun,Home,W,3,1,Tottenham,0.8,1,46,"59,919",Pierre-Emerick Aubameyang,4-2-3-1,Craig Pawson,Match Report,,09-26-2021 16:30 ,Arsenal until:2021-09-26,Arsenal until:2021-09-27
2021/2022,Tottenham,2021-09-26,2021-09-27,16:30 ,Matchweek 6,Sun,Away,L,1,3,Arsenal,1,0.8,54,"59,919",Hugo Lloris,4/3/2003,Craig Pawson,Match Report,,09-26-2021 16:30 ,Tottenham until:2021-09-26,Tottenham until:2021-09-27
2021/2022,Tottenham,2021-09-19,2021-09-20,16:30 ,Matchweek 5,Sun,Home,L,0,3,Chelsea,0.7,1.9,47,"60,059",Hugo Lloris,4-3-2-1,Paul Tierney,Match Report,,09-19-2021 16:30 ,Tottenham until:2021-09-19,Tottenham until:2021-09-20
2021/2022,Arsenal,2021-09-18,2021-09-19,15:00 ,Matchweek 5,Sat,Away,W,1,0,Burnley,1.2,1.3,54,"20,000",Pierre-Emerick Aubameyang,4-1-4-1,Anthony Taylor,Match Report,,09-18-2021 15:00 ,Arsenal until:2021-09-18,Arsenal until:2021-09-19
2021/2022,Arsenal,2021-09-11,2021-09-12,15:00 ,Matchweek 4,Sat,Home,W,1,0,Norwich City,2.8,0.6,52,"58,000",Pierre-Emerick Aubameyang,4-2-3-1,Michael Oliver,Match Report,,09-11-2021 15:00 ,Arsenal until:2021-09-11,Arsenal until:2021-09-12
2021/2022,Tottenham,2021-09-11,2021-09-12,12:30 ,Matchweek 4,Sat,Away,L,0,3,Crystal Palace,0.1,2.4,38,"26,000",Hugo Lloris,4-4-2◆,Jonathan Moss,Match Report,,09-11-2021 12:30 ,Tottenham until:2021-09-11,Tottenham until:2021-09-12
2021/2022,Tottenham,2021-08-29,2021-08-30,14:00 ,Matchweek 3,Sun,Home,W,1,0,Watford,0.9,0.6,56,"57,672",Hugo Lloris,4-2-3-1,Andre Marriner,Match Report,,08-29-2021 14:00 ,Tottenham until:2021-08-29,Tottenham until:2021-08-30
2021/2022,Arsenal,2021-08-28,2021-08-29,12:30 ,Matchweek 3,Sat,Away,L,0,5,Manchester City,0.1,3.8,20,"52,276",Pierre-Emerick Aubameyang,3/4/2003,Martin Atkinson,Match Report,,08-28-2021 12:30 ,Arsenal until:2021-08-28,Arsenal until:2021-08-29
2021/2022,Arsenal,2021-08-22,2021-08-23,16:30 ,Matchweek 2,Sun,Home,L,0,2,Chelsea,0.3,2.9,35,"58,729",Granit Xhaka,4-2-3-1,Paul Tierney,Match Report,,08-22-2021 16:30 ,Arsenal until:2021-08-22,Arsenal until:2021-08-23
2021/2022,Tottenham,2021-08-22,2021-08-23,14:00 ,Matchweek 2,Sun,Away,W,1,0,Wolves,1.5,1.4,43,"30,368",Hugo Lloris,4/3/2003,Stuart Attwell,Match Report,,08-22-2021 14:00 ,Tottenham until:2021-08-22,Tottenham until:2021-08-23
2021/2022,Tottenham,2021-08-15,2021-08-16,16:30 ,Matchweek 1,Sun,Home,W,1,0,Manchester City,1.3,1.9,36,"58,262",Hugo Lloris,4/3/2003,Anthony Taylor,Match Report,,08-15-2021 16:30 ,Tottenham until:2021-08-15,Tottenham until:2021-08-16
2021/2022,Arsenal,2021-08-13,2021-08-14,20:00 ,Matchweek 1,Fri,Away,L,0,2,Brentford,1.4,1.3,66,"16,479",Granit Xhaka,4-2-3-1,Michael Oliver,Match Report,,08-13-2021 20:00 ,Arsenal until:2021-08-13,Arsenal until:2021-08-14
2020/2021,Arsenal,2021-05-23,2021-05-24,16:00 ,Matchweek 38,Sun,Home,W,2,0,Brighton,1.1,0.4,55,"10,000",Pierre-Emerick Aubameyang,4-2-3-1,Jonathan Moss,Match Report,,05-23-2021 16:00 ,Arsenal until:2021-05-23,Arsenal until:2021-05-24
2020/2021,Tottenham,2021-05-23,2021-05-24,16:00 ,Matchweek 38,Sun,Away,W,4,2,Leicester City,1.9,1.9,54,"8,000",Hugo Lloris,4-2-3-1,Anthony Taylor,Match Report,,05-23-2021 16:00 ,Tottenham until:2021-05-23,Tottenham until:2021-05-24
2020/2021,Arsenal,2021-05-19,2021-05-20,19:00 ,Matchweek 37,Wed,Away,W,3,1,Crystal Palace,1.3,1,67,"6,500",Pierre-Emerick Aubameyang,4-2-3-1,Anthony Taylor,Match Report,,05-19-2021 19:00 ,Arsenal until:2021-05-19,Arsenal until:2021-05-20
2020/2021,Tottenham,2021-05-19,2021-05-20,18:00 ,Matchweek 37,Wed,Home,L,1,2,Aston Villa,1.1,2,61,"10,000",Hugo Lloris,4-2-3-1,Craig Pawson,Match Report,,05-19-2021 18:00 ,Tottenham until:2021-05-19,Tottenham until:2021-05-20
2020/2021,Tottenham,2021-05-16,2021-05-17,14:05 ,Matchweek 36,Sun,Home,W,2,0,Wolves,3,1.2,62,,Hugo Lloris,4-2-3-1,Martin Atkinson,Match Report,,05-16-2021 14:05 ,Tottenham until:2021-05-16,Tottenham until:2021-05-17
2020/2021,Arsenal,2021-05-12,2021-05-13,20:15 ,Matchweek 36,Wed,Away,W,1,0,Chelsea,0.8,2.1,33,,Pierre-Emerick Aubameyang,3/4/2003,Andre Marriner,Match Report,,05-12-2021 20:15 ,Arsenal until:2021-05-12,Arsenal until:2021-05-13
2020/2021,Arsenal,2021-05-09,2021-05-10,19:00 ,Matchweek 35,Sun,Home,W,3,1,West Brom,0.9,1.3,65,,Rob Holding,4-2-3-1,Peter Bankes,Match Report,,05-09-2021 19:00 ,Arsenal until:2021-05-09,Arsenal until:2021-05-10
2020/2021,Tottenham,2021-05-08,2021-05-09,12:30 ,Matchweek 35,Sat,Away,L,1,3,Leeds United,1,2.6,48,,Hugo Lloris,4-2-3-1,Michael Oliver,Match Report,,05-08-2021 12:30 ,Tottenham until:2021-05-08,Tottenham until:2021-05-09
2020/2021,Arsenal,2021-05-02,2021-05-03,14:00 ,Matchweek 34,Sun,Away,W,2,0,Newcastle Utd,1.9,0.2,61,,Pierre-Emerick Aubameyang,4-2-3-1,Mike Dean,Match Report,,05-02-2021 14:00 ,Arsenal until:2021-05-02,Arsenal until:2021-05-03
2020/2021,Tottenham,2021-05-02,2021-05-03,19:15 ,Matchweek 34,Sun,Home,W,4,0,Sheffield Utd,2,0.5,66,,Hugo Lloris,4-2-3-1,Andre Marriner,Match Report,,05-02-2021 19:15 ,Tottenham until:2021-05-02,Tottenham until:2021-05-03
2020/2021,Arsenal,2021-04-23,2021-04-24,20:00 ,Matchweek 33,Fri,Home,L,0,1,Everton,0.9,0.8,59,,Rob Holding,4-2-3-1,Jonathan Moss,Match Report,,04-23-2021 20:00 ,Arsenal until:2021-04-23,Arsenal until:2021-04-24
2020/2021,Tottenham,2021-04-21,2021-04-22,18:00 ,Matchweek 29,Wed,Home,W,2,1,Southampton,1.8,0.8,62,,Hugo Lloris,4-2-3-1,David Coote,Match Report,,04-21-2021 18:00 ,Tottenham until:2021-04-21,Tottenham until:2021-04-22
2020/2021,Arsenal,2021-04-18,2021-04-19,13:30 ,Matchweek 32,Sun,Home,D,1,1,Fulham,2.9,0.9,71,,Héctor Bellerín,4-2-3-1,Craig Pawson,Match Report,,04-18-2021 13:30 ,Arsenal until:2021-04-18,Arsenal until:2021-04-19
2020/2021,Tottenham,2021-04-16,2021-04-17,20:00 ,Matchweek 32,Fri,Away,D,2,2,Everton,1.2,2.3,48,,Hugo Lloris,3-4-1-2,Michael Oliver,Match Report,,04-16-2021 20:00 ,Tottenham until:2021-04-16,Tottenham until:2021-04-17
2020/2021,Arsenal,2021-04-11,2021-04-12,19:00 ,Matchweek 31,Sun,Away,W,3,0,Sheffield Utd,2.2,0.5,55,,Alexandre Lacazette,4-2-3-1,Peter Bankes,Match Report,,04-11-2021 19:00 ,Arsenal until:2021-04-11,Arsenal until:2021-04-12
2020/2021,Tottenham,2021-04-11,2021-04-12,16:30 ,Matchweek 31,Sun,Home,L,1,3,Manchester Utd,1,1.9,47,,Hugo Lloris,4/3/2003,Chris Kavanagh,Match Report,,04-11-2021 16:30 ,Tottenham until:2021-04-11,Tottenham until:2021-04-12
2020/2021,Tottenham,2021-04-04,2021-04-05,14:05 ,Matchweek 30,Sun,Away,D,2,2,Newcastle Utd,1.7,2.7,58,,Hugo Lloris,4/4/2002,Craig Pawson,Match Report,,04-04-2021 14:05 ,Tottenham until:2021-04-04,Tottenham until:2021-04-05
2020/2021,Arsenal,2021-04-03,2021-04-04,20:00 ,Matchweek 30,Sat,Home,L,0,3,Liverpool,0.3,2.2,36,,Pierre-Emerick Aubameyang,4-2-3-1,Stuart Attwell,Match Report,,04-03-2021 20:00 ,Arsenal until:2021-04-03,Arsenal until:2021-04-04
2020/2021,Arsenal,2021-03-21,2021-03-22,15:00 ,Matchweek 29,Sun,Away,D,3,3,West Ham,1.7,2.3,63,,Pierre-Emerick Aubameyang,4-2-3-1,Jonathan Moss,Match Report,,03-21-2021 15:00 ,Arsenal until:2021-03-21,Arsenal until:2021-03-22
2020/2021,Tottenham,2021-03-21,2021-03-22,19:30 ,Matchweek 18,Sun,Away,W,2,0,Aston Villa,2.2,0.5,52,,Hugo Lloris,4/4/2002,Mike Dean,Match Report,,03-21-2021 19:30 ,Tottenham until:2021-03-21,Tottenham until:2021-03-22
2020/2021,Arsenal,2021-03-14,2021-03-15,16:30 ,Matchweek 28,Sun,Home,W,2,1,Tottenham,1.7,0.6,52,,Alexandre Lacazette,4-2-3-1,Michael Oliver,Match Report,,03-14-2021 16:30 ,Arsenal until:2021-03-14,Arsenal until:2021-03-15
2020/2021,Tottenham,2021-03-14,2021-03-15,16:30 ,Matchweek 28,Sun,Away,L,1,2,Arsenal,0.6,1.7,48,,Hugo Lloris,4-2-3-1,Michael Oliver,Match Report,,03-14-2021 16:30 ,Tottenham until:2021-03-14,Tottenham until:2021-03-15
2020/2021,Tottenham,2021-03-07,2021-03-08,19:15 ,Matchweek 27,Sun,Home,W,4,1,Crystal Palace,2.7,0.3,62,,Hugo Lloris,4-2-3-1,Stuart Attwell,Match Report,,03-07-2021 19:15 ,Tottenham until:2021-03-07,Tottenham until:2021-03-08
2020/2021,Arsenal,2021-03-06,2021-03-07,12:30 ,Matchweek 27,Sat,Away,D,1,1,Burnley,2.4,1.5,58,,Pierre-Emerick Aubameyang,4-2-3-1,Andre Marriner,Match Report,,03-06-2021 12:30 ,Arsenal until:2021-03-06,Arsenal until:2021-03-07
2020/2021,Tottenham,2021-03-04,2021-03-05,18:00 ,Matchweek 33,Thu,Away,W,1,0,Fulham,1.4,0.8,41,,Hugo Lloris,4-2-3-1,David Coote,Match Report,,03-04-2021 18:00 ,Tottenham until:2021-03-04,Tottenham until:2021-03-05
2020/2021,Arsenal,2021-02-28,2021-03-01,12:00 ,Matchweek 26,Sun,Away,W,3,1,Leicester City,2.2,0.5,57,,Alexandre Lacazette,4-2-3-1,Paul Tierney,Match Report,,02-28-2021 12:00 ,Arsenal until:2021-02-28,Arsenal until:2021-03-01
2020/2021,Tottenham,2021-02-28,2021-03-01,14:00 ,Matchweek 26,Sun,Home,W,4,0,Burnley,2.2,0.5,59,,Hugo Lloris,4-2-3-1,Kevin Friend,Match Report,,02-28-2021 14:00 ,Tottenham until:2021-02-28,Tottenham until:2021-03-01
2020/2021,Arsenal,2021-02-21,2021-02-22,16:30 ,Matchweek 25,Sun,Home,L,0,1,Manchester City,0.3,2,44,,Pierre-Emerick Aubameyang,4-2-3-1,Jonathan Moss,Match Report,,02-21-2021 16:30 ,Arsenal until:2021-02-21,Arsenal until:2021-02-22
2020/2021,Tottenham,2021-02-21,2021-02-22,12:00 ,Matchweek 25,Sun,Away,L,1,2,West Ham,1.2,1.1,67,,Hugo Lloris,4-2-3-1,Craig Pawson,Match Report,,02-21-2021 12:00 ,Tottenham until:2021-02-21,Tottenham until:2021-02-22
2020/2021,Arsenal,2021-02-14,2021-02-15,16:30 ,Matchweek 24,Sun,Home,W,4,2,Leeds United,2.4,0.7,47,,Pierre-Emerick Aubameyang,4-2-3-1,Stuart Attwell,Match Report,,02-14-2021 16:30 ,Arsenal until:2021-02-14,Arsenal until:2021-02-15
2020/2021,Tottenham,2021-02-13,2021-02-14,17:30 ,Matchweek 24,Sat,Away,L,0,3,Manchester City,0.6,2.9,39,,Hugo Lloris,4-2-3-1,Paul Tierney,Match Report,,02-13-2021 17:30 ,Tottenham until:2021-02-13,Tottenham until:2021-02-14
2020/2021,Tottenham,2021-02-07,2021-02-08,12:00 ,Matchweek 23,Sun,Home,W,2,0,West Brom,1.5,0.4,65,,Hugo Lloris,4-2-3-1,Stuart Attwell,Match Report,,02-07-2021 12:00 ,Tottenham until:2021-02-07,Tottenham until:2021-02-08
2020/2021,Arsenal,2021-02-06,2021-02-07,12:30 ,Matchweek 23,Sat,Away,L,0,1,Aston Villa,1.1,1.1,65,,Héctor Bellerín,4-2-3-1,Chris Kavanagh,Match Report,,02-06-2021 12:30 ,Arsenal until:2021-02-06,Arsenal until:2021-02-07
2020/2021,Tottenham,2021-02-04,2021-02-05,20:00 ,Matchweek 22,Thu,Home,L,0,1,Chelsea,0.3,2.2,42,,Hugo Lloris,4-2-3-1,Andre Marriner,Match Report,,02-04-2021 20:00 ,Tottenham until:2021-02-04,Tottenham until:2021-02-05
2020/2021,Arsenal,2021-02-02,2021-02-03,18:00 ,Matchweek 22,Tue,Away,L,1,2,Wolves,0.6,1.5,45,,Héctor Bellerín,4-2-3-1,Craig Pawson,Match Report,,02-02-2021 18:00 ,Arsenal until:2021-02-02,Arsenal until:2021-02-03
2020/2021,Tottenham,2021-01-31,2021-02-01,19:15 ,Matchweek 21,Sun,Away,L,0,1,Brighton,0.5,1.9,57,,Hugo Lloris,3/4/2003,Peter Bankes,Match Report,,01-31-2021 19:15 ,Tottenham until:2021-01-31,Tottenham until:2021-02-01
2020/2021,Arsenal,2021-01-30,2021-01-31,17:30 ,Matchweek 21,Sat,Home,D,0,0,Manchester Utd,1.1,1.5,43,,Héctor Bellerín,4-2-3-1,Michael Oliver,Match Report,,01-30-2021 17:30 ,Arsenal until:2021-01-30,Arsenal until:2021-01-31
2020/2021,Tottenham,2021-01-28,2021-01-29,20:00 ,Matchweek 20,Thu,Home,L,1,3,Liverpool,0.2,2.1,50,,Hugo Lloris,3/4/2003,Martin Atkinson,Match Report,,01-28-2021 20:00 ,Tottenham until:2021-01-28,Tottenham until:2021-01-29
2020/2021,Arsenal,2021-01-26,2021-01-27,20:15 ,Matchweek 20,Tue,Away,W,3,1,Southampton,2,1.2,43,,Héctor Bellerín,4-2-3-1,Kevin Friend,Match Report,,01-26-2021 20:15 ,Arsenal until:2021-01-26,Arsenal until:2021-01-27
2020/2021,Arsenal,2021-01-18,2021-01-19,20:00 ,Matchweek 19,Mon,Home,W,3,0,Newcastle Utd,2.8,0.2,66,,Pierre-Emerick Aubameyang,4-2-3-1,David Coote,Match Report,,01-18-2021 20:00 ,Arsenal until:2021-01-18,Arsenal until:2021-01-19
2020/2021,Tottenham,2021-01-17,2021-01-18,14:00 ,Matchweek 19,Sun,Away,W,3,1,Sheffield Utd,1.2,0.7,57,,Hugo Lloris,3/4/2003,Andre Marriner,Match Report,,01-17-2021 14:00 ,Tottenham until:2021-01-17,Tottenham until:2021-01-18
2020/2021,Arsenal,2021-01-14,2021-01-15,20:00 ,Matchweek 18,Thu,Home,D,0,0,Crystal Palace,0.6,0.9,67,,Pierre-Emerick Aubameyang,4-2-3-1,Andre Marriner,Match Report,,01-14-2021 20:00 ,Arsenal until:2021-01-14,Arsenal until:2021-01-15
2020/2021,Tottenham,2021-01-13,2021-01-14,20:15 ,Matchweek 16,Wed,Home,D,1,1,Fulham,2.3,0.9,52,,Hugo Lloris,4-2-3-1,Paul Tierney,Match Report,,01-13-2021 20:15 ,Tottenham until:2021-01-13,Tottenham until:2021-01-14
2020/2021,Arsenal,2021-01-02,2021-01-03,20:00 ,Matchweek 17,Sat,Away,W,4,0,West Brom,3.3,0.4,61,,Pierre-Emerick Aubameyang,4-2-3-1,Martin Atkinson,Match Report,,01-02-2021 20:00 ,Arsenal until:2021-01-02,Arsenal until:2021-01-03
2020/2021,Tottenham,2021-01-02,2021-01-03,12:30 ,Matchweek 17,Sat,Home,W,3,0,Leeds United,2.6,1,38,,Hugo Lloris,4-2-3-1,David Coote,Match Report,,01-02-2021 12:30 ,Tottenham until:2021-01-02,Tottenham until:2021-01-03
2020/2021,Arsenal,2020-12-29,2020-12-30,18:00 ,Matchweek 16,Tue,Away,W,1,0,Brighton,1.2,0.8,50,,Pierre-Emerick Aubameyang,4-2-3-1,Martin Atkinson,Match Report,,12-29-2020 18:00 ,Arsenal until:2020-12-29,Arsenal until:2020-12-30
2020/2021,Tottenham,2020-12-27,2020-12-28,19:15 ,Matchweek 15,Sun,Away,D,1,1,Wolves,0.4,1,45,,Hugo Lloris,3-4-1-2,Paul Tierney,Match Report,,12-27-2020 19:15 ,Tottenham until:2020-12-27,Tottenham until:2020-12-28
2020/2021,Arsenal,2020-12-26,2020-12-27,17:30 ,Matchweek 15,Sat,Home,W,3,1,Chelsea,2.1,2.3,41,,Héctor Bellerín,4-2-3-1,Michael Oliver,Match Report,,12-26-2020 17:30 ,Arsenal until:2020-12-26,Arsenal until:2020-12-27
2020/2021,Tottenham,2020-12-20,2020-12-21,14:15 ,Matchweek 14,Sun,Home,L,0,2,Leicester City,1.1,1.5,55,,Hugo Lloris,4-2-3-1,Craig Pawson,Match Report,,12-20-2020 14:15 ,Tottenham until:2020-12-20,Tottenham until:2020-12-21
2020/2021,Arsenal,2020-12-19,2020-12-20,17:30 ,Matchweek 14,Sat,Away,L,1,2,Everton,1.4,0.8,57,,Rob Holding,3/4/2003,Andre Marriner,Match Report,,12-19-2020 17:30 ,Arsenal until:2020-12-19,Arsenal until:2020-12-20
2020/2021,Arsenal,2020-12-16,2020-12-17,18:00 ,Matchweek 13,Wed,Home,D,1,1,Southampton,0.7,1.1,36,,Pierre-Emerick Aubameyang,3/4/2003,Paul Tierney,Match Report,,12-16-2020 18:00 ,Arsenal until:2020-12-16,Arsenal until:2020-12-17
2020/2021,Tottenham,2020-12-16,2020-12-17,20:00 ,Matchweek 13,Wed,Away,L,1,2,Liverpool,1.3,1.2,25,"2,000",Hugo Lloris,4/4/2002,Anthony Taylor,Match Report,,12-16-2020 20:00 ,Tottenham until:2020-12-16,Tottenham until:2020-12-17
2020/2021,Arsenal,2020-12-13,2020-12-14,19:15 ,Matchweek 12,Sun,Home,L,0,1,Burnley,1.5,0.9,65,"2,000",Pierre-Emerick Aubameyang,4-2-3-1,Graham Scott,Match Report,,12-13-2020 19:15 ,Arsenal until:2020-12-13,Arsenal until:2020-12-14
2020/2021,Tottenham,2020-12-13,2020-12-14,14:15 ,Matchweek 12,Sun,Away,D,1,1,Crystal Palace,1.1,1.2,56,"2,000",Hugo Lloris,4-2-3-1,Kevin Friend,Match Report,,12-13-2020 14:15 ,Tottenham until:2020-12-13,Tottenham until:2020-12-14
2020/2021,Arsenal,2020-12-06,2020-12-07,16:30 ,Matchweek 11,Sun,Away,L,0,2,Tottenham,0.8,0.5,68,"2,000",Pierre-Emerick Aubameyang,4/4/2002,Martin Atkinson,Match Report,,12-06-2020 16:30 ,Arsenal until:2020-12-06,Arsenal until:2020-12-07
2020/2021,Tottenham,2020-12-06,2020-12-07,16:30 ,Matchweek 11,Sun,Home,W,2,0,Arsenal,0.5,0.8,32,"2,000",Hugo Lloris,4-2-3-1,Martin Atkinson,Match Report,,12-06-2020 16:30 ,Tottenham until:2020-12-06,Tottenham until:2020-12-07
2020/2021,Arsenal,2020-11-29,2020-11-30,19:15 ,Matchweek 10,Sun,Home,L,1,2,Wolves,1.2,1.4,56,,Pierre-Emerick Aubameyang,4-2-3-1,Michael Oliver,Match Report,,11-29-2020 19:15 ,Arsenal until:2020-11-29,Arsenal until:2020-11-30
2020/2021,Tottenham,2020-11-29,2020-11-30,16:30 ,Matchweek 10,Sun,Away,D,0,0,Chelsea,0.2,1,40,,Hugo Lloris,4-2-3-1,Paul Tierney,Match Report,,11-29-2020 16:30 ,Tottenham until:2020-11-29,Tottenham until:2020-11-30
2020/2021,Arsenal,2020-11-22,2020-11-23,16:30 ,Matchweek 9,Sun,Away,D,0,0,Leeds United,0.9,2.5,35,,Pierre-Emerick Aubameyang,4-2-3-1,Anthony Taylor,Match Report,,11-22-2020 16:30 ,Arsenal until:2020-11-22,Arsenal until:2020-11-23
2020/2021,Tottenham,2020-11-21,2020-11-22,17:30 ,Matchweek 9,Sat,Home,W,2,0,Manchester City,0.7,1.3,33,,Hugo Lloris,4-2-3-1,Mike Dean,Match Report,,11-21-2020 17:30 ,Tottenham until:2020-11-21,Tottenham until:2020-11-22
2020/2021,Arsenal,2020-11-08,2020-11-09,19:15 ,Matchweek 8,Sun,Home,L,0,3,Aston Villa,1.5,1.7,58,,Pierre-Emerick Aubameyang,3/4/2003,Martin Atkinson,Match Report,,11-08-2020 19:15 ,Arsenal until:2020-11-08,Arsenal until:2020-11-09
2020/2021,Tottenham,2020-11-08,2020-11-09,12:00 ,Matchweek 8,Sun,Away,W,1,0,West Brom,1.6,0.8,59,,Harry Kane,4-2-3-1,Andy Madley,Match Report,,11-08-2020 12:00 ,Tottenham until:2020-11-08,Tottenham until:2020-11-09
2020/2021,Arsenal,2020-11-01,2020-11-02,16:30 ,Matchweek 7,Sun,Away,W,1,0,Manchester Utd,1.1,0.3,47,,Pierre-Emerick Aubameyang,3/4/2003,Mike Dean,Match Report,,11-01-2020 16:30 ,Arsenal until:2020-11-01,Arsenal until:2020-11-02
2020/2021,Tottenham,2020-11-01,2020-11-02,19:15 ,Matchweek 7,Sun,Home,W,2,1,Brighton,1.8,0.4,44,,Hugo Lloris,4-2-3-1,Graham Scott,Match Report,,11-01-2020 19:15 ,Tottenham until:2020-11-01,Tottenham until:2020-11-02
2020/2021,Tottenham,2020-10-26,2020-10-27,20:00 ,Matchweek 6,Mon,Away,W,1,0,Burnley,0.8,0.6,61,,Hugo Lloris,4-2-3-1,Michael Oliver,Match Report,,10-26-2020 20:00 ,Tottenham until:2020-10-26,Tottenham until:2020-10-27
2020/2021,Arsenal,2020-10-25,2020-10-26,19:15 ,Matchweek 6,Sun,Home,L,0,1,Leicester City,0.9,1.2,57,,Pierre-Emerick Aubameyang,3/4/2003,Craig Pawson,Match Report,,10-25-2020 19:15 ,Arsenal until:2020-10-25,Arsenal until:2020-10-26
2020/2021,Tottenham,2020-10-18,2020-10-19,16:30 ,Matchweek 5,Sun,Home,D,3,3,West Ham,1.2,2.1,51,,Hugo Lloris,4-2-3-1,Paul Tierney,Match Report,,10-18-2020 16:30 ,Tottenham until:2020-10-18,Tottenham until:2020-10-19
2020/2021,Arsenal,2020-10-17,2020-10-18,17:30 ,Matchweek 5,Sat,Away,L,0,1,Manchester City,0.9,1.5,41,,Pierre-Emerick Aubameyang,3/4/2003,Chris Kavanagh,Match Report,,10-17-2020 17:30 ,Arsenal until:2020-10-17,Arsenal until:2020-10-18
2020/2021,Arsenal,2020-10-04,2020-10-05,14:00 ,Matchweek 4,Sun,Home,W,2,1,Sheffield Utd,0.4,0.2,63,,Pierre-Emerick Aubameyang,4/3/2003,Lee Mason,Match Report,,10-04-2020 14:00 ,Arsenal until:2020-10-04,Arsenal until:2020-10-05
2020/2021,Tottenham,2020-10-04,2020-10-05,16:30 ,Matchweek 4,Sun,Away,W,6,1,Manchester Utd,3.8,0.9,62,,Hugo Lloris,4/3/2003,Anthony Taylor,Match Report,,10-04-2020 16:30 ,Tottenham until:2020-10-04,Tottenham until:2020-10-05
2020/2021,Arsenal,2020-09-28,2020-09-29,20:00 ,Matchweek 3,Mon,Away,L,1,3,Liverpool,1.2,3.2,33,,Pierre-Emerick Aubameyang,3/4/2003,Craig Pawson,Match Report,,09-28-2020 20:00 ,Arsenal until:2020-09-28,Arsenal until:2020-09-29
2020/2021,Tottenham,2020-09-27,2020-09-28,14:00 ,Matchweek 3,Sun,Home,D,1,1,Newcastle Utd,2.3,1,66,,Hugo Lloris,4-2-3-1,Peter Bankes,Match Report,,09-27-2020 14:00 ,Tottenham until:2020-09-27,Tottenham until:2020-09-28
2020/2021,Tottenham,2020-09-20,2020-09-21,12:00 ,Matchweek 2,Sun,Away,W,5,2,Southampton,2.5,1.5,49,,Hugo Lloris,4/3/2003,David Coote,Match Report,,09-20-2020 12:00 ,Tottenham until:2020-09-20,Tottenham until:2020-09-21
2020/2021,Arsenal,2020-09-19,2020-09-20,20:00 ,Matchweek 2,Sat,Home,W,2,1,West Ham,1.4,1.9,62,,Pierre-Emerick Aubameyang,3/4/2003,Michael Oliver,Match Report,,09-19-2020 20:00 ,Arsenal until:2020-09-19,Arsenal until:2020-09-20
2020/2021,Tottenham,2020-09-13,2020-09-14,16:30 ,Matchweek 1,Sun,Home,L,0,1,Everton,1,1.4,51,,Hugo Lloris,4-2-3-1,Martin Atkinson,Match Report,,09-13-2020 16:30 ,Tottenham until:2020-09-13,Tottenham until:2020-09-14
2020/2021,Arsenal,2020-09-12,2020-09-13,12:30 ,Matchweek 1,Sat,Away,W,3,0,Fulham,1.8,0.2,55,,Pierre-Emerick Aubameyang,3/4/2003,Chris Kavanagh,Match Report,,09-12-2020 12:30 ,Arsenal until:2020-09-12,Arsenal until:2020-09-13
2019/2020,Arsenal,2020-07-26,2020-07-27,16:00 ,Matchweek 38,Sun,Home,W,3,2,Watford,1.7,3.4,50,,Pierre-Emerick Aubameyang,4-2-3-1,Mike Dean,Match Report,,07-26-2020 16:00 ,Arsenal until:2020-07-26,Arsenal until:2020-07-27
2019/2020,Tottenham,2020-07-26,2020-07-27,16:00 ,Matchweek 38,Sun,Away,D,1,1,Crystal Palace,0.4,0.8,52,,Hugo Lloris,4-2-3-1,Andre Marriner,Match Report,,07-26-2020 16:00 ,Tottenham until:2020-07-26,Tottenham until:2020-07-27
2019/2020,Arsenal,2020-07-21,2020-07-22,20:15 ,Matchweek 37,Tue,Away,L,0,1,Aston Villa,0.7,0.6,68,,Pierre-Emerick Aubameyang,3/4/2003,Chris Kavanagh,Match Report,,07-21-2020 20:15 ,Arsenal until:2020-07-21,Arsenal until:2020-07-22
2019/2020,Tottenham,2020-07-19,2020-07-20,16:00 ,Matchweek 37,Sun,Home,W,3,0,Leicester City,0.5,1.7,30,,Hugo Lloris,4/3/2003,Anthony Taylor,Match Report,,07-19-2020 16:00 ,Tottenham until:2020-07-19,Tottenham until:2020-07-20
2019/2020,Arsenal,2020-07-15,2020-07-16,20:15 ,Matchweek 36,Wed,Home,W,2,1,Liverpool,1.1,2.8,31,,Alexandre Lacazette,3/4/2003,Paul Tierney,Match Report,,07-15-2020 20:15 ,Arsenal until:2020-07-15,Arsenal until:2020-07-16
2019/2020,Tottenham,2020-07-15,2020-07-16,18:00 ,Matchweek 36,Wed,Away,W,3,1,Newcastle Utd,1.3,1.1,48,,Hugo Lloris,4-2-3-1,David Coote,Match Report,,07-15-2020 18:00 ,Tottenham until:2020-07-15,Tottenham until:2020-07-16
2019/2020,Arsenal,2020-07-12,2020-07-13,16:30 ,Matchweek 35,Sun,Away,L,1,2,Tottenham,0.8,1.5,62,,Pierre-Emerick Aubameyang,3/4/2003,Michael Oliver,Match Report,,07-12-2020 16:30 ,Arsenal until:2020-07-12,Arsenal until:2020-07-13
2019/2020,Tottenham,2020-07-12,2020-07-13,16:30 ,Matchweek 35,Sun,Home,W,2,1,Arsenal,1.5,0.8,38,,Hugo Lloris,4-4-1-1,Michael Oliver,Match Report,,07-12-2020 16:30 ,Tottenham until:2020-07-12,Tottenham until:2020-07-13
2019/2020,Tottenham,2020-07-09,2020-07-10,18:00 ,Matchweek 34,Thu,Away,D,0,0,Bournemouth,0.6,1.1,63,,Hugo Lloris,4/3/2003,Paul Tierney,Match Report,,07-09-2020 18:00 ,Tottenham until:2020-07-09,Tottenham until:2020-07-10
2019/2020,Arsenal,2020-07-07,2020-07-08,20:15 ,Matchweek 34,Tue,Home,D,1,1,Leicester City,1.7,1.7,39,,Pierre-Emerick Aubameyang,3/4/2003,Chris Kavanagh,Match Report,,07-07-2020 20:15 ,Arsenal until:2020-07-07,Arsenal until:2020-07-08
2019/2020,Tottenham,2020-07-06,2020-07-07,20:00 ,Matchweek 33,Mon,Home,W,1,0,Everton,0.6,0.4,52,,Hugo Lloris,4/3/2003,Graham Scott,Match Report,,07-06-2020 20:00 ,Tottenham until:2020-07-06,Tottenham until:2020-07-07
2019/2020,Arsenal,2020-07-04,2020-07-05,17:30 ,Matchweek 33,Sat,Away,W,2,0,Wolves,1.2,0.9,47,,Pierre-Emerick Aubameyang,3/4/2003,Michael Oliver,Match Report,,07-04-2020 17:30 ,Arsenal until:2020-07-04,Arsenal until:2020-07-05
2019/2020,Tottenham,2020-07-02,2020-07-03,18:00 ,Matchweek 32,Thu,Away,L,1,3,Sheffield Utd,1,1.6,68,,Hugo Lloris,4-2-3-1,Chris Kavanagh,Match Report,,07-02-2020 18:00 ,Tottenham until:2020-07-02,Tottenham until:2020-07-03
2019/2020,Arsenal,2020-07-01,2020-07-02,18:00 ,Matchweek 32,Wed,Home,W,4,0,Norwich City,2.1,0.2,52,,Pierre-Emerick Aubameyang,3/4/2003,Peter Bankes,Match Report,,07-01-2020 18:00 ,Arsenal until:2020-07-01,Arsenal until:2020-07-02
2019/2020,Arsenal,2020-06-25,2020-06-26,18:00 ,Matchweek 31,Thu,Away,W,2,0,Southampton,2.7,0.7,47,,Pierre-Emerick Aubameyang,4/3/2003,Graham Scott,Match Report,,06-25-2020 18:00 ,Arsenal until:2020-06-25,Arsenal until:2020-06-26
2019/2020,Tottenham,2020-06-23,2020-06-24,20:15 ,Matchweek 31,Tue,Home,W,2,0,West Ham,1.6,0.8,64,,Hugo Lloris,4-2-3-1,Craig Pawson,Match Report,,06-23-2020 20:15 ,Tottenham until:2020-06-23,Tottenham until:2020-06-24
2019/2020,Arsenal,2020-06-20,2020-06-21,15:00 ,Matchweek 30,Sat,Away,L,1,2,Brighton,1.3,1,58,,Pierre-Emerick Aubameyang,4/3/2003,Martin Atkinson,Match Report,,06-20-2020 15:00 ,Arsenal until:2020-06-20,Arsenal until:2020-06-21
2019/2020,Tottenham,2020-06-19,2020-06-20,20:15 ,Matchweek 30,Fri,Home,D,1,1,Manchester Utd,0.3,1.7,40,,Hugo Lloris,4-2-3-1,Jonathan Moss,Match Report,,06-19-2020 20:15 ,Tottenham until:2020-06-19,Tottenham until:2020-06-20
2019/2020,Arsenal,2020-06-17,2020-06-18,20:15 ,Matchweek 28,Wed,Away,L,0,3,Manchester City,0.2,3.3,33,,Pierre-Emerick Aubameyang,4-3-2-1,Anthony Taylor,Match Report,,06-17-2020 20:15 ,Arsenal until:2020-06-17,Arsenal until:2020-06-18
2019/2020,Arsenal,2020-03-07,2020-03-08,15:00 ,Matchweek 29,Sat,Home,W,1,0,West Ham,1.1,1.7,67,"60,335",Pierre-Emerick Aubameyang,4-2-3-1,Martin Atkinson,Match Report,,03-07-2020 15:00 ,Arsenal until:2020-03-07,Arsenal until:2020-03-08
2019/2020,Tottenham,2020-03-07,2020-03-08,17:30 ,Matchweek 29,Sat,Away,D,1,1,Burnley,1.2,2.4,54,"20,496",Hugo Lloris,3/4/2003,Jonathan Moss,Match Report,,03-07-2020 17:30 ,Tottenham until:2020-03-07,Tottenham until:2020-03-08
2019/2020,Tottenham,2020-03-01,2020-03-02,14:00 ,Matchweek 28,Sun,Home,L,2,3,Wolves,1.5,2.6,65,"58,064",Harry Winks,3/4/2003,Stuart Attwell,Match Report,,03-01-2020 14:00 ,Tottenham until:2020-03-01,Tottenham until:2020-03-02
2019/2020,Arsenal,2020-02-23,2020-02-24,16:30 ,Matchweek 27,Sun,Home,W,3,2,Everton,1.2,1.9,51,"60,296",Pierre-Emerick Aubameyang,4-2-3-1,Stuart Attwell,Match Report,,02-23-2020 16:30 ,Arsenal until:2020-02-23,Arsenal until:2020-02-24
2019/2020,Tottenham,2020-02-22,2020-02-23,12:30 ,Matchweek 27,Sat,Away,L,1,2,Chelsea,0.4,1.6,52,"40,608",Hugo Lloris,3/4/2003,Michael Oliver,Match Report,,02-22-2020 12:30 ,Tottenham until:2020-02-22,Tottenham until:2020-02-23
2019/2020,Arsenal,2020-02-16,2020-02-17,16:30 ,Matchweek 26,Sun,Home,W,4,0,Newcastle Utd,2,0.9,68,"60,188",Pierre-Emerick Aubameyang,4-2-3-1,Lee Mason,Match Report,,02-16-2020 16:30 ,Arsenal until:2020-02-16,Arsenal until:2020-02-17
2019/2020,Tottenham,2020-02-16,2020-02-17,14:00 ,Matchweek 26,Sun,Away,W,3,2,Aston Villa,3.5,1.9,45,"41,874",Hugo Lloris,4-2-3-1,Martin Atkinson,Match Report,,02-16-2020 14:00 ,Tottenham until:2020-02-16,Tottenham until:2020-02-17
2019/2020,Arsenal,2020-02-02,2020-02-03,14:00 ,Matchweek 25,Sun,Away,D,0,0,Burnley,1,1.9,57,"21,048",Pierre-Emerick Aubameyang,4-2-3-1,Chris Kavanagh,Match Report,,02-02-2020 14:00 ,Arsenal until:2020-02-02,Arsenal until:2020-02-03
2019/2020,Tottenham,2020-02-02,2020-02-03,16:30 ,Matchweek 25,Sun,Home,W,2,0,Manchester City,0.3,3,33,"61,022",Hugo Lloris,4-2-3-1,Mike Dean,Match Report,,02-02-2020 16:30 ,Tottenham until:2020-02-02,Tottenham until:2020-02-03
2019/2020,Tottenham,2020-01-22,2020-01-23,19:30 ,Matchweek 24,Wed,Home,W,2,1,Norwich City,1.9,1.6,52,"58,182",Hugo Lloris,4-2-3-1,Chris Kavanagh,Match Report,,01-22-2020 19:30 ,Tottenham until:2020-01-22,Tottenham until:2020-01-23
2019/2020,Arsenal,2020-01-21,2020-01-22,20:15 ,Matchweek 24,Tue,Away,D,2,2,Chelsea,0.5,2.8,40,"40,577",Héctor Bellerín,4-2-3-1,Stuart Attwell,Match Report,,01-21-2020 20:15 ,Arsenal until:2020-01-21,Arsenal until:2020-01-22
2019/2020,Arsenal,2020-01-18,2020-01-19,15:00 ,Matchweek 23,Sat,Home,D,1,1,Sheffield Utd,1.3,0.7,60,"60,310",Alexandre Lacazette,4-2-3-1,Mike Dean,Match Report,,01-18-2020 15:00 ,Arsenal until:2020-01-18,Arsenal until:2020-01-19
2019/2020,Tottenham,2020-01-18,2020-01-19,12:30 ,Matchweek 23,Sat,Away,D,0,0,Watford,1.6,1.8,57,"21,366",Jan Vertonghen,4/3/2003,Michael Oliver,Match Report,,01-18-2020 12:30 ,Tottenham until:2020-01-18,Tottenham until:2020-01-19
2019/2020,Arsenal,2020-01-11,2020-01-12,12:30 ,Matchweek 22,Sat,Away,D,1,1,Crystal Palace,1.3,0.4,57,"25,468",Pierre-Emerick Aubameyang,4-2-3-1,Paul Tierney,Match Report,,01-11-2020 12:30 ,Arsenal until:2020-01-11,Arsenal until:2020-01-12
2019/2020,Tottenham,2020-01-11,2020-01-12,17:30 ,Matchweek 22,Sat,Home,L,0,1,Liverpool,1.6,1.9,33,"61,023",Toby Alderweireld,4/4/2002,Martin Atkinson,Match Report,,01-11-2020 17:30 ,Tottenham until:2020-01-11,Tottenham until:2020-01-12
2019/2020,Arsenal,2020-01-01,2020-01-02,20:00 ,Matchweek 21,Wed,Home,W,2,0,Manchester Utd,1.5,0.8,49,"60,328",Pierre-Emerick Aubameyang,4-2-3-1,Chris Kavanagh,Match Report,,01-01-2020 20:00 ,Arsenal until:2020-01-01,Arsenal until:2020-01-02
2019/2020,Tottenham,2020-01-01,2020-01-02,15:00 ,Matchweek 21,Wed,Away,L,0,1,Southampton,0.5,1.4,58,"30,976",Harry Kane,4-3-2-1,Mike Dean,Match Report,,01-01-2020 15:00 ,Tottenham until:2020-01-01,Tottenham until:2020-01-02
2019/2020,Arsenal,2019-12-29,2019-12-30,14:00 ,Matchweek 20,Sun,Home,L,1,2,Chelsea,0.8,1.5,42,"60,309",Pierre-Emerick Aubameyang,4-2-3-1,Craig Pawson,Match Report,,12-29-2019 14:00 ,Arsenal until:2019-12-29,Arsenal until:2019-12-30
2019/2020,Tottenham,2019-12-28,2019-12-29,17:30 ,Matchweek 20,Sat,Away,D,2,2,Norwich City,1.8,0.4,58,"27,072",Harry Kane,3/5/2002,Kevin Friend,Match Report,,12-28-2019 17:30 ,Tottenham until:2019-12-28,Tottenham until:2019-12-29
2019/2020,Arsenal,2019-12-26,2019-12-27,15:00 ,Matchweek 19,Thu,Away,D,1,1,Bournemouth,1.5,0.9,62,"10,234",Pierre-Emerick Aubameyang,4-2-3-1,Stuart Attwell,Match Report,,12-26-2019 15:00 ,Arsenal until:2019-12-26,Arsenal until:2019-12-27
2019/2020,Tottenham,2019-12-26,2019-12-27,12:30 ,Matchweek 19,Thu,Home,W,2,1,Brighton,1.5,0.6,54,"56,308",Harry Kane,3/4/2003,Graham Scott,Match Report,,12-26-2019 12:30 ,Tottenham until:2019-12-26,Tottenham until:2019-12-27
2019/2020,Tottenham,2019-12-22,2019-12-23,16:30 ,Matchweek 18,Sun,Home,L,0,2,Chelsea,0.4,1.4,46,"61,104",Harry Kane,4-2-3-1,Anthony Taylor,Match Report,,12-22-2019 16:30 ,Tottenham until:2019-12-22,Tottenham until:2019-12-23
2019/2020,Arsenal,2019-12-21,2019-12-22,12:30 ,Matchweek 18,Sat,Away,D,0,0,Everton,0.7,0.4,57,"39,336",Pierre-Emerick Aubameyang,4-2-3-1,Kevin Friend,Match Report,,12-21-2019 12:30 ,Arsenal until:2019-12-21,Arsenal until:2019-12-22
2019/2020,Arsenal,2019-12-15,2019-12-16,16:30 ,Matchweek 17,Sun,Home,L,0,3,Manchester City,0.4,1.8,42,"60,031",Pierre-Emerick Aubameyang,4-2-3-1,Paul Tierney,Match Report,,12-15-2019 16:30 ,Arsenal until:2019-12-15,Arsenal until:2019-12-16
2019/2020,Tottenham,2019-12-15,2019-12-16,14:00 ,Matchweek 17,Sun,Away,W,2,1,Wolves,0.9,0.8,43,"31,674",Harry Kane,4-2-3-1,Stuart Attwell,Match Report,,12-15-2019 14:00 ,Tottenham until:2019-12-15,Tottenham until:2019-12-16
2019/2020,Arsenal,2019-12-09,2019-12-10,20:00 ,Matchweek 16,Mon,Away,W,3,1,West Ham,1.7,0.6,65,"59,936",Pierre-Emerick Aubameyang,4-2-3-1,Mike Dean,Match Report,,12-09-2019 20:00 ,Arsenal until:2019-12-09,Arsenal until:2019-12-10
2019/2020,Tottenham,2019-12-07,2019-12-08,15:00 ,Matchweek 16,Sat,Home,W,5,0,Burnley,2.3,0.5,48,"58,401",Harry Kane,4-2-3-1,Kevin Friend,Match Report,,12-07-2019 15:00 ,Tottenham until:2019-12-07,Tottenham until:2019-12-08
2019/2020,Arsenal,2019-12-05,2019-12-06,20:15 ,Matchweek 15,Thu,Home,L,1,2,Brighton,1,2.3,49,"60,164",Pierre-Emerick Aubameyang,4-2-3-1,Graham Scott,Match Report,,12-05-2019 20:15 ,Arsenal until:2019-12-05,Arsenal until:2019-12-06
2019/2020,Tottenham,2019-12-04,2019-12-05,19:30 ,Matchweek 15,Wed,Away,L,1,2,Manchester Utd,0.5,1.3,53,"73,252",Harry Kane,4-2-3-1,Paul Tierney,Match Report,,12-04-2019 19:30 ,Tottenham until:2019-12-04,Tottenham until:2019-12-05
2019/2020,Arsenal,2019-12-01,2019-12-02,14:00 ,Matchweek 14,Sun,Away,D,2,2,Norwich City,2,1.3,60,"27,067",Pierre-Emerick Aubameyang,4-2-3-1,Paul Tierney,Match Report,,12-01-2019 14:00 ,Arsenal until:2019-12-01,Arsenal until:2019-12-02
2019/2020,Tottenham,2019-11-30,2019-12-01,15:00 ,Matchweek 14,Sat,Home,W,3,2,Bournemouth,2.8,1.4,52,"59,626",Harry Kane,4-2-3-1,Lee Mason,Match Report,,11-30-2019 15:00 ,Tottenham until:2019-11-30,Tottenham until:2019-12-01
2019/2020,Arsenal,2019-11-23,2019-11-24,15:00 ,Matchweek 13,Sat,Home,D,2,2,Southampton,2,2.8,60,"60,295",Pierre-Emerick Aubameyang,3-4-1-2,Stuart Attwell,Match Report,,11-23-2019 15:00 ,Arsenal until:2019-11-23,Arsenal until:2019-11-24
2019/2020,Tottenham,2019-11-23,2019-11-24,12:30 ,Matchweek 13,Sat,Away,W,3,2,West Ham,1.6,0.7,52,"59,930",Harry Kane,4-2-3-1,Michael Oliver,Match Report,,11-23-2019 12:30 ,Tottenham until:2019-11-23,Tottenham until:2019-11-24
2019/2020,Arsenal,2019-11-09,2019-11-10,17:30 ,Matchweek 12,Sat,Away,L,0,2,Leicester City,0.8,1.6,50,"32,209",Pierre-Emerick Aubameyang,3-4-1-2,Chris Kavanagh,Match Report,,11-09-2019 17:30 ,Arsenal until:2019-11-09,Arsenal until:2019-11-10
2019/2020,Tottenham,2019-11-09,2019-11-10,15:00 ,Matchweek 12,Sat,Home,D,1,1,Sheffield Utd,1.1,1,60,"59,781",Harry Kane,4-2-3-1,Graham Scott,Match Report,,11-09-2019 15:00 ,Tottenham until:2019-11-09,Tottenham until:2019-11-10
2019/2020,Tottenham,2019-11-03,2019-11-04,16:30 ,Matchweek 11,Sun,Away,D,1,1,Everton,0.5,0.8,54,"39,001",Ben Davies,4-2-3-1,Martin Atkinson,Match Report,,11-03-2019 16:30 ,Tottenham until:2019-11-03,Tottenham until:2019-11-04
2019/2020,Arsenal,2019-11-02,2019-11-03,15:00 ,Matchweek 11,Sat,Home,D,1,1,Wolves,1.1,1.5,58,"60,383",Pierre-Emerick Aubameyang,4-4-2◆,Michael Oliver,Match Report,,11-02-2019 15:00 ,Arsenal until:2019-11-02,Arsenal until:2019-11-03
2019/2020,Arsenal,2019-10-27,2019-10-28,16:30 ,Matchweek 10,Sun,Home,D,2,2,Crystal Palace,1.7,1.7,55,"60,345",Granit Xhaka,4/4/2002,Martin Atkinson,Match Report,,10-27-2019 16:30 ,Arsenal until:2019-10-27,Arsenal until:2019-10-28
2019/2020,Tottenham,2019-10-27,2019-10-28,16:30 ,Matchweek 10,Sun,Away,L,1,2,Liverpool,1.4,2.5,34,"53,222",Harry Kane,4/3/2003,Anthony Taylor,Match Report,,10-27-2019 16:30 ,Tottenham until:2019-10-27,Tottenham until:2019-10-28
2019/2020,Arsenal,2019-10-21,2019-10-22,20:00 ,Matchweek 9,Mon,Away,L,0,1,Sheffield Utd,0.8,1,67,"30,775",Granit Xhaka,4-2-3-1,Mike Dean,Match Report,,10-21-2019 20:00 ,Arsenal until:2019-10-21,Arsenal until:2019-10-22
2019/2020,Tottenham,2019-10-19,2019-10-20,15:00 ,Matchweek 9,Sat,Home,D,1,1,Watford,1,0.8,69,"58,754",Harry Kane,3/4/2003,Chris Kavanagh,Match Report,,10-19-2019 15:00 ,Tottenham until:2019-10-19,Tottenham until:2019-10-20
2019/2020,Arsenal,2019-10-06,2019-10-07,14:00 ,Matchweek 8,Sun,Home,W,1,0,Bournemouth,0.9,0.5,52,"60,326",Granit Xhaka,4-2-3-1,Martin Atkinson,Match Report,,10-06-2019 14:00 ,Arsenal until:2019-10-06,Arsenal until:2019-10-07
2019/2020,Tottenham,2019-10-05,2019-10-06,12:30 ,Matchweek 8,Sat,Away,L,0,3,Brighton,0.6,2,52,"30,610",Hugo Lloris,4-2-3-1,Jonathan Moss,Match Report,,10-05-2019 12:30 ,Tottenham until:2019-10-05,Tottenham until:2019-10-06
2019/2020,Arsenal,2019-09-30,2019-10-01,20:00 ,Matchweek 7,Mon,Away,D,1,1,Manchester Utd,1.9,1.2,45,"73,201",Granit Xhaka,4/3/2003,Kevin Friend,Match Report,,09-30-2019 20:00 ,Arsenal until:2019-09-30,Arsenal until:2019-10-01
2019/2020,Tottenham,2019-09-28,2019-09-29,15:00 ,Matchweek 7,Sat,Home,W,2,1,Southampton,1,1.6,41,"59,645",Hugo Lloris,4-4-2◆,Graham Scott,Match Report,,09-28-2019 15:00 ,Tottenham until:2019-09-28,Tottenham until:2019-09-29
2019/2020,Arsenal,2019-09-22,2019-09-23,16:30 ,Matchweek 6,Sun,Home,W,3,2,Aston Villa,2.4,1.1,59,"60,331",Granit Xhaka,4-2-3-1,Jonathan Moss,Match Report,,09-22-2019 16:30 ,Arsenal until:2019-09-22,Arsenal until:2019-09-23
2019/2020,Tottenham,2019-09-21,2019-09-22,12:30 ,Matchweek 6,Sat,Away,L,1,2,Leicester City,1.2,1.5,56,"32,129",Harry Kane,4-4-2◆,Paul Tierney,Match Report,,09-21-2019 12:30 ,Tottenham until:2019-09-21,Tottenham until:2019-09-22
2019/2020,Arsenal,2019-09-15,2019-09-16,16:30 ,Matchweek 5,Sun,Away,D,2,2,Watford,0.9,2.8,49,"21,360",Granit Xhaka,4-4-2◆,Anthony Taylor,Match Report,,09-15-2019 16:30 ,Arsenal until:2019-09-15,Arsenal until:2019-09-16
2019/2020,Tottenham,2019-09-14,2019-09-15,15:00 ,Matchweek 5,Sat,Home,W,4,0,Crystal Palace,1,0.7,65,"59,812",Hugo Lloris,4-2-2-2,Craig Pawson,Match Report,,09-14-2019 15:00 ,Tottenham until:2019-09-14,Tottenham until:2019-09-15
2019/2020,Arsenal,2019-09-01,2019-09-02,16:30 ,Matchweek 4,Sun,Home,D,2,2,Tottenham,2.3,2.1,55,"60,333",Granit Xhaka,4/3/2003,Martin Atkinson,Match Report,,09-01-2019 16:30 ,Arsenal until:2019-09-01,Arsenal until:2019-09-02
2019/2020,Tottenham,2019-09-01,2019-09-02,16:30 ,Matchweek 4,Sun,Away,D,2,2,Arsenal,2.1,2.3,45,"60,333",Hugo Lloris,4-2-3-1,Martin Atkinson,Match Report,,09-01-2019 16:30 ,Tottenham until:2019-09-01,Tottenham until:2019-09-02
2019/2020,Tottenham,2019-08-25,2019-08-26,16:30 ,Matchweek 3,Sun,Home,L,0,1,Newcastle Utd,1.2,0.4,79,"59,245",Hugo Lloris,4-2-3-1,Mike Dean,Match Report,,08-25-2019 16:30 ,Tottenham until:2019-08-25,Tottenham until:2019-08-26
2019/2020,Arsenal,2019-08-24,2019-08-25,17:30 ,Matchweek 3,Sat,Away,L,1,3,Liverpool,0.9,2.5,48,"53,298",Granit Xhaka,4-4-2◆,Anthony Taylor,Match Report,,08-24-2019 17:30 ,Arsenal until:2019-08-24,Arsenal until:2019-08-25
2019/2020,Arsenal,2019-08-17,2019-08-18,12:30 ,Matchweek 2,Sat,Home,W,2,1,Burnley,0.9,1.3,67,"60,214",Nacho Monreal,4-2-3-1,Mike Dean,Match Report,,08-17-2019 12:30 ,Arsenal until:2019-08-17,Arsenal until:2019-08-18
2019/2020,Tottenham,2019-08-17,2019-08-18,17:30 ,Matchweek 2,Sat,Away,D,2,2,Manchester City,0.3,2.9,44,"54,503",Hugo Lloris,4-2-3-1,Michael Oliver,Match Report,,08-17-2019 17:30 ,Tottenham until:2019-08-17,Tottenham until:2019-08-18
2019/2020,Arsenal,2019-08-11,2019-08-12,14:00 ,Matchweek 1,Sun,Away,W,1,0,Newcastle Utd,1,0.5,61,"47,635",Granit Xhaka,4-2-3-1,Martin Atkinson,Match Report,,08-11-2019 14:00 ,Arsenal until:2019-08-11,Arsenal until:2019-08-12
2019/2020,Tottenham,2019-08-10,2019-08-11,17:30 ,Matchweek 1,Sat,Home,W,3,1,Aston Villa,2.4,0.6,70,"60,407",Hugo Lloris,4-4-2◆,Chris Kavanagh,Match Report,,08-10-2019 17:30 ,Tottenham until:2019-08-10,Tottenham until:2019-08-11
2018/2019,Arsenal,2019-05-12,2019-05-13,15:00 ,Matchweek 38,Sun,Away,W,3,1,Burnley,2.1,1.9,60,"21,461",Nacho Monreal,4-2-3-1,Mike Dean,Match Report,,05-12-2019 15:00 ,Arsenal until:2019-05-12,Arsenal until:2019-05-13
2018/2019,Tottenham,2019-05-12,2019-05-13,15:00 ,Matchweek 38,Sun,Home,D,2,2,Everton,1.2,1.9,55,"60,124",Hugo Lloris,4-2-3-1◆,Andre Marriner,Match Report,,05-12-2019 15:00 ,Tottenham until:2019-05-12,Tottenham until:2019-05-13
2018/2019,Arsenal,2019-05-05,2019-05-06,16:30 ,Matchweek 37,Sun,Home,D,1,1,Brighton,2.2,1.7,70,"59,965",Mesut Özil,4-4-2◆,Anthony Taylor,Match Report,,05-05-2019 16:30 ,Arsenal until:2019-05-05,Arsenal until:2019-05-06
2018/2019,Tottenham,2019-05-04,2019-05-05,12:30 ,Matchweek 37,Sat,Away,L,0,1,Bournemouth,0.7,1.6,47,"10,630",Hugo Lloris,4-2-3-1,Craig Pawson,Match Report,,05-04-2019 12:30 ,Tottenham until:2019-05-04,Tottenham until:2019-05-05
2018/2019,Arsenal,2019-04-28,2019-04-29,12:00 ,Matchweek 36,Sun,Away,L,0,3,Leicester City,0.5,2.9,34,"32,037",Granit Xhaka,4/4/2002,Michael Oliver,Match Report,,04-28-2019 12:00 ,Arsenal until:2019-04-28,Arsenal until:2019-04-29
2018/2019,Tottenham,2019-04-27,2019-04-28,12:30 ,Matchweek 36,Sat,Home,L,0,1,West Ham,1.3,1.2,62,"60,043",Hugo Lloris,4-4-2◆,Anthony Taylor,Match Report,,04-27-2019 12:30 ,Tottenham until:2019-04-27,Tottenham until:2019-04-28
2018/2019,Arsenal,2019-04-24,2019-04-25,19:45 ,Matchweek 31,Wed,Away,L,1,3,Wolves,0.7,0.9,69,"31,436",Laurent Koscielny,4-2-3-1,Stuart Attwell,Match Report,,04-24-2019 19:45 ,Arsenal until:2019-04-24,Arsenal until:2019-04-25
2018/2019,Tottenham,2019-04-23,2019-04-24,19:45 ,Matchweek 33,Tue,Home,W,1,0,Brighton,1.7,0.2,77,"56,251",Hugo Lloris,4/3/2003,Chris Kavanagh,Match Report,,04-23-2019 19:45 ,Tottenham until:2019-04-23,Tottenham until:2019-04-24
2018/2019,Arsenal,2019-04-21,2019-04-22,16:00 ,Matchweek 35,Sun,Home,L,2,3,Crystal Palace,1.2,2.2,72,"59,929",Laurent Koscielny,3-4-1-2,Jonathan Moss,Match Report,,04-21-2019 16:00 ,Arsenal until:2019-04-21,Arsenal until:2019-04-22
2018/2019,Tottenham,2019-04-20,2019-04-21,12:30 ,Matchweek 35,Sat,Away,L,0,1,Manchester City,1.3,1.9,39,"54,489",Jan Vertonghen,3/5/2002,Michael Oliver,Match Report,,04-20-2019 12:30 ,Tottenham until:2019-04-20,Tottenham until:2019-04-21
2018/2019,Arsenal,2019-04-15,2019-04-16,20:00 ,Matchweek 34,Mon,Away,W,1,0,Watford,2,0.6,65,"20,480",Laurent Koscielny,4-2-3-1,Craig Pawson,Match Report,,04-15-2019 20:00 ,Arsenal until:2019-04-15,Arsenal until:2019-04-16
2018/2019,Tottenham,2019-04-13,2019-04-14,12:30 ,Matchweek 34,Sat,Home,W,4,0,Huddersfield,2.3,0.6,69,"58,308",Hugo Lloris,3-4-1-2,Lee Mason,Match Report,,04-13-2019 12:30 ,Tottenham until:2019-04-13,Tottenham until:2019-04-14
2018/2019,Arsenal,2019-04-07,2019-04-08,14:05 ,Matchweek 33,Sun,Away,L,0,1,Everton,0.4,2.2,56,"39,400",Mesut Özil,3/4/2003,Kevin Friend,Match Report,,04-07-2019 14:05 ,Arsenal until:2019-04-07,Arsenal until:2019-04-08
2018/2019,Tottenham,2019-04-03,2019-04-04,19:45 ,Matchweek 31,Wed,Home,W,2,0,Crystal Palace,2.5,0.5,66,"59,215",Hugo Lloris,4-2-3-1,Andre Marriner,Match Report,,04-03-2019 19:45 ,Tottenham until:2019-04-03,Tottenham until:2019-04-04
2018/2019,Arsenal,2019-04-01,2019-04-02,20:00 ,Matchweek 32,Mon,Home,W,2,0,Newcastle Utd,0.9,0.1,70,"59,869",Aaron Ramsey,3/4/2003,Anthony Taylor,Match Report,,04-01-2019 20:00 ,Arsenal until:2019-04-01,Arsenal until:2019-04-02
2018/2019,Tottenham,2019-03-31,2019-04-01,16:30 ,Matchweek 32,Sun,Away,L,1,2,Liverpool,1.4,0.9,51,"53,322",Hugo Lloris,3/5/2002,Martin Atkinson,Match Report,,03-31-2019 16:30 ,Tottenham until:2019-03-31,Tottenham until:2019-04-01
2018/2019,Arsenal,2019-03-10,2019-03-11,16:30 ,Matchweek 30,Sun,Home,W,2,0,Manchester Utd,1.5,1.6,46,"60,000",Laurent Koscielny,3-4-1-2,Jonathan Moss,Match Report,,03-10-2019 16:30 ,Arsenal until:2019-03-10,Arsenal until:2019-03-11
2018/2019,Tottenham,2019-03-09,2019-03-10,15:00 ,Matchweek 30,Sat,Away,L,1,2,Southampton,1,1.2,62,"31,890",Hugo Lloris,4-4-2◆,Kevin Friend,Match Report,,03-09-2019 15:00 ,Tottenham until:2019-03-09,Tottenham until:2019-03-10
2018/2019,Arsenal,2019-03-02,2019-03-03,12:30 ,Matchweek 29,Sat,Away,D,1,1,Tottenham,2.4,1.3,40,"81,332",Laurent Koscielny,4-2-3-1,Anthony Taylor,Match Report,,03-02-2019 12:30 ,Arsenal until:2019-03-02,Arsenal until:2019-03-03
2018/2019,Tottenham,2019-03-02,2019-03-03,12:30 ,Matchweek 29,Sat,Home,D,1,1,Arsenal,1.3,2.4,60,"81,332",Hugo Lloris,3-4-1-2,Anthony Taylor,Match Report,,03-02-2019 12:30 ,Tottenham until:2019-03-02,Tottenham until:2019-03-03
2018/2019,Arsenal,2019-02-27,2019-02-28,19:45 ,Matchweek 28,Wed,Home,W,5,1,Bournemouth,3.2,1.3,64,"59,618",Laurent Koscielny,3/4/2003,Chris Kavanagh,Match Report,,02-27-2019 19:45 ,Arsenal until:2019-02-27,Arsenal until:2019-02-28
2018/2019,Tottenham,2019-02-27,2019-02-28,20:00 ,Matchweek 28,Wed,Away,L,0,2,Chelsea,0.5,0.6,53,"40,542",Hugo Lloris,4-2-3-1,Andre Marriner,Match Report,,02-27-2019 20:00 ,Tottenham until:2019-02-27,Tottenham until:2019-02-28
2018/2019,Arsenal,2019-02-24,2019-02-25,14:05 ,Matchweek 27,Sun,Home,W,2,0,Southampton,2.1,0.9,62,"59,877",Aaron Ramsey,4-2-3-1,Graham Scott,Match Report,,02-24-2019 14:05 ,Arsenal until:2019-02-24,Arsenal until:2019-02-25
2018/2019,Tottenham,2019-02-23,2019-02-24,12:30 ,Matchweek 27,Sat,Away,L,1,2,Burnley,0.9,1.3,69,"21,338",Hugo Lloris,3-2-2-1-2,Mike Dean,Match Report,,02-23-2019 12:30 ,Tottenham until:2019-02-23,Tottenham until:2019-02-24
2018/2019,Tottenham,2019-02-10,2019-02-11,13:30 ,Matchweek 26,Sun,Home,W,3,1,Leicester City,1.1,2.5,52,"44,154",Hugo Lloris,4-4-2◆,Michael Oliver,Match Report,,02-10-2019 13:30 ,Tottenham until:2019-02-10,Tottenham until:2019-02-11
2018/2019,Arsenal,2019-02-09,2019-02-10,15:00 ,Matchweek 26,Sat,Away,W,2,1,Huddersfield,2,1.2,44,"24,182",Laurent Koscielny,3/4/2003,Jonathan Moss,Match Report,,02-09-2019 15:00 ,Arsenal until:2019-02-09,Arsenal until:2019-02-10
2018/2019,Arsenal,2019-02-03,2019-02-04,16:30 ,Matchweek 25,Sun,Away,L,1,3,Manchester City,0.8,3.2,41,"54,483",Laurent Koscielny,4/4/2002,Martin Atkinson,Match Report,,02-03-2019 16:30 ,Arsenal until:2019-02-03,Arsenal until:2019-02-04
2018/2019,Tottenham,2019-02-02,2019-02-03,12:30 ,Matchweek 25,Sat,Home,W,1,0,Newcastle Utd,2.4,0.5,72,"41,219",Hugo Lloris,4-2-3-1,Andre Marriner,Match Report,,02-02-2019 12:30 ,Tottenham until:2019-02-02,Tottenham until:2019-02-03
2018/2019,Tottenham,2019-01-30,2019-01-31,20:00 ,Matchweek 24,Wed,Home,W,2,1,Watford,1.5,0.5,67,"29,164",Hugo Lloris,3/5/2002,Graham Scott,Match Report,,01-30-2019 20:00 ,Tottenham until:2019-01-30,Tottenham until:2019-01-31
2018/2019,Arsenal,2019-01-29,2019-01-30,19:45 ,Matchweek 24,Tue,Home,W,2,1,Cardiff City,2,0.8,69,"59,933",Mesut Özil,4-4-2◆,Mike Dean,Match Report,,01-29-2019 19:45 ,Arsenal until:2019-01-29,Arsenal until:2019-01-30
2018/2019,Tottenham,2019-01-20,2019-01-21,16:00 ,Matchweek 23,Sun,Away,W,2,1,Fulham,1.3,1,71,"24,807",Hugo Lloris,3/4/2003,Craig Pawson,Match Report,,01-20-2019 16:00 ,Tottenham until:2019-01-20,Tottenham until:2019-01-21
2018/2019,Arsenal,2019-01-19,2019-01-20,17:30 ,Matchweek 23,Sat,Home,W,2,0,Chelsea,1.6,0.7,37,"59,979",Laurent Koscielny,4-4-2◆,Anthony Taylor,Match Report,,01-19-2019 17:30 ,Arsenal until:2019-01-19,Arsenal until:2019-01-20
2018/2019,Tottenham,2019-01-13,2019-01-14,16:30 ,Matchweek 22,Sun,Home,L,0,1,Manchester Utd,2.3,1.3,62,"80,062",Hugo Lloris,4-4-2◆,Mike Dean,Match Report,,01-13-2019 16:30 ,Tottenham until:2019-01-13,Tottenham until:2019-01-14
2018/2019,Arsenal,2019-01-12,2019-01-13,12:30 ,Matchweek 22,Sat,Away,L,0,1,West Ham,0.8,0.7,58,"59,946",Laurent Koscielny,3/4/2003,Jonathan Moss,Match Report,,01-12-2019 12:30 ,Arsenal until:2019-01-12,Arsenal until:2019-01-13
2018/2019,Arsenal,2019-01-01,2019-01-02,15:00 ,Matchweek 21,Tue,Home,W,4,1,Fulham,2.8,1.5,59,"59,887",Laurent Koscielny,3/4/2003,Graham Scott,Match Report,,01-01-2019 15:00 ,Arsenal until:2019-01-01,Arsenal until:2019-01-02
2018/2019,Tottenham,2019-01-01,2019-01-02,17:30 ,Matchweek 21,Tue,Away,W,3,0,Cardiff City,1.3,0.5,73,"32,485",Hugo Lloris,4-4-2◆,Kevin Friend,Match Report,,01-01-2019 17:30 ,Tottenham until:2019-01-01,Tottenham until:2019-01-02
2018/2019,Arsenal,2018-12-29,2018-12-30,17:30 ,Matchweek 20,Sat,Away,L,1,5,Liverpool,1.2,4.1,52,"53,326",Aaron Ramsey,4-2-3-1,Michael Oliver,Match Report,,12-29-2018 17:30 ,Arsenal until:2018-12-29,Arsenal until:2018-12-30
2018/2019,Tottenham,2018-12-29,2018-12-30,15:00 ,Matchweek 20,Sat,Home,L,1,3,Wolves,0.3,1.1,61,"46,356",Hugo Lloris,4-4-2◆,Stuart Attwell,Match Report,,12-29-2018 15:00 ,Tottenham until:2018-12-29,Tottenham until:2018-12-30
2018/2019,Arsenal,2018-12-26,2018-12-27,17:15 ,Matchweek 19,Wed,Away,D,1,1,Brighton,0.6,1.7,67,"30,608",Laurent Koscielny,4-4-2◆,Anthony Taylor,Match Report,,12-26-2018 17:15 ,Arsenal until:2018-12-26,Arsenal until:2018-12-27
2018/2019,Tottenham,2018-12-26,2018-12-27,15:00 ,Matchweek 19,Wed,Home,W,5,0,Bournemouth,1.9,1.4,56,"45,154",Hugo Lloris,4-2-3-1,Chris Kavanagh,Match Report,,12-26-2018 15:00 ,Tottenham until:2018-12-26,Tottenham until:2018-12-27
2018/2019,Tottenham,2018-12-23,2018-12-24,16:00 ,Matchweek 18,Sun,Away,W,6,2,Everton,2.7,0.7,59,"39,319",Hugo Lloris,4-4-2◆,Paul Tierney,Match Report,,12-23-2018 16:00 ,Tottenham until:2018-12-23,Tottenham until:2018-12-24
2018/2019,Arsenal,2018-12-22,2018-12-23,12:30 ,Matchweek 18,Sat,Home,W,3,1,Burnley,1.6,1,60,"59,493",Mesut Özil,4-4-2◆,Kevin Friend,Match Report,,12-22-2018 12:30 ,Arsenal until:2018-12-22,Arsenal until:2018-12-23
2018/2019,Arsenal,2018-12-16,2018-12-17,13:30 ,Matchweek 17,Sun,Away,L,2,3,Southampton,1.5,1,65,"29,497",Laurent Koscielny,3/4/2003,Chris Kavanagh,Match Report,,12-16-2018 13:30 ,Arsenal until:2018-12-16,Arsenal until:2018-12-17
2018/2019,Tottenham,2018-12-15,2018-12-16,15:00 ,Matchweek 17,Sat,Home,W,1,0,Burnley,2,0.3,69,"41,645",Hugo Lloris,4-2-3-1,Graham Scott,Match Report,,12-15-2018 15:00 ,Tottenham until:2018-12-15,Tottenham until:2018-12-16
2018/2019,Arsenal,2018-12-08,2018-12-09,15:00 ,Matchweek 16,Sat,Home,W,1,0,Huddersfield,1.9,0.4,61,"59,893",Granit Xhaka,3/5/2002,Paul Tierney,Match Report,,12-08-2018 15:00 ,Arsenal until:2018-12-08,Arsenal until:2018-12-09
2018/2019,Tottenham,2018-12-08,2018-12-09,19:45 ,Matchweek 16,Sat,Away,W,2,0,Leicester City,0.7,0.4,56,"31,957",Hugo Lloris,4-2-3-1,Craig Pawson,Match Report,,12-08-2018 19:45 ,Tottenham until:2018-12-08,Tottenham until:2018-12-09
2018/2019,Arsenal,2018-12-05,2018-12-06,20:00 ,Matchweek 15,Wed,Away,D,2,2,Manchester Utd,1.1,1.2,55,"74,507",Aaron Ramsey,3/4/2003,Andre Marriner,Match Report,,12-05-2018 20:00 ,Arsenal until:2018-12-05,Arsenal until:2018-12-06
2018/2019,Tottenham,2018-12-05,2018-12-06,20:00 ,Matchweek 15,Wed,Home,W,3,1,Southampton,1.4,2.3,52,"33,012",Hugo Lloris,4-2-3-1,Anthony Taylor,Match Report,,12-05-2018 20:00 ,Tottenham until:2018-12-05,Tottenham until:2018-12-06
2018/2019,Arsenal,2018-12-02,2018-12-03,14:05 ,Matchweek 14,Sun,Home,W,4,2,Tottenham,2.6,1.2,59,"59,973",Granit Xhaka,3/4/2003,Mike Dean,Match Report,,12-02-2018 14:05 ,Arsenal until:2018-12-02,Arsenal until:2018-12-03
2018/2019,Tottenham,2018-12-02,2018-12-03,14:05 ,Matchweek 14,Sun,Away,L,2,4,Arsenal,1.2,2.6,41,"59,973",Hugo Lloris,4-4-2◆,Mike Dean,Match Report,,12-02-2018 14:05 ,Tottenham until:2018-12-02,Tottenham until:2018-12-03
2018/2019,Arsenal,2018-11-25,2018-11-26,13:30 ,Matchweek 13,Sun,Away,W,2,1,Bournemouth,1.8,0.7,57,"10,792",Granit Xhaka,3/4/2003,Craig Pawson,Match Report,,11-25-2018 13:30 ,Arsenal until:2018-11-25,Arsenal until:2018-11-26
2018/2019,Tottenham,2018-11-24,2018-11-25,17:30 ,Matchweek 13,Sat,Home,W,3,1,Chelsea,2.5,0.8,40,"55,465",Hugo Lloris,4-4-2◆,Martin Atkinson,Match Report,,11-24-2018 17:30 ,Tottenham until:2018-11-24,Tottenham until:2018-11-25
2018/2019,Arsenal,2018-11-11,2018-11-12,16:30 ,Matchweek 12,Sun,Home,D,1,1,Wolves,1.4,1.6,70,"60,030",Mesut Özil,4-2-3-1,Stuart Attwell,Match Report,,11-11-2018 16:30 ,Arsenal until:2018-11-11,Arsenal until:2018-11-12
2018/2019,Tottenham,2018-11-10,2018-11-11,17:30 ,Matchweek 12,Sat,Away,W,1,0,Crystal Palace,1.3,1,63,"25,685",Hugo Lloris,4-2-3-1,Jonathan Moss,Match Report,,11-10-2018 17:30 ,Tottenham until:2018-11-10,Tottenham until:2018-11-11
2018/2019,Arsenal,2018-11-03,2018-11-04,17:30 ,Matchweek 11,Sat,Home,D,1,1,Liverpool,1.4,1.5,62,"59,993",Mesut Özil,4-2-3-1,Andre Marriner,Match Report,,11-03-2018 17:30 ,Arsenal until:2018-11-03,Arsenal until:2018-11-04
2018/2019,Tottenham,2018-11-03,2018-11-04,19:45 ,Matchweek 11,Sat,Away,W,3,2,Wolves,1.2,2.5,51,"31,185",Hugo Lloris,4-3-2-1,Mike Dean,Match Report,,11-03-2018 19:45 ,Tottenham until:2018-11-03,Tottenham until:2018-11-04
2018/2019,Tottenham,2018-10-29,2018-10-30,20:00 ,Matchweek 10,Mon,Home,L,0,1,Manchester City,0.7,1.5,49,"56,854",Hugo Lloris,4-2-3-1,Kevin Friend,Match Report,,10-29-2018 20:00 ,Tottenham until:2018-10-29,Tottenham until:2018-10-30
2018/2019,Arsenal,2018-10-28,2018-10-29,13:30 ,Matchweek 10,Sun,Away,D,2,2,Crystal Palace,0.9,2.2,56,"25,718",Mesut Özil,4-2-3-1,Martin Atkinson,Match Report,,10-28-2018 13:30 ,Arsenal until:2018-10-28,Arsenal until:2018-10-29
2018/2019,Arsenal,2018-10-22,2018-10-23,20:00 ,Matchweek 9,Mon,Home,W,3,1,Leicester City,3.2,0.7,68,"59,886",Mesut Özil,4-2-3-1,Chris Kavanagh,Match Report,,10-22-2018 20:00 ,Arsenal until:2018-10-22,Arsenal until:2018-10-23
2018/2019,Tottenham,2018-10-20,2018-10-21,15:00 ,Matchweek 9,Sat,Away,W,1,0,West Ham,1.6,1,56,"56,921",Hugo Lloris,4-3-2-1,Martin Atkinson,Match Report,,10-20-2018 15:00 ,Tottenham until:2018-10-20,Tottenham until:2018-10-21
2018/2019,Arsenal,2018-10-07,2018-10-08,12:00 ,Matchweek 8,Sun,Away,W,5,1,Fulham,1.5,0.9,52,"25,401",Granit Xhaka,4/4/2002,Paul Tierney,Match Report,,10-07-2018 12:00 ,Arsenal until:2018-10-07,Arsenal until:2018-10-08
2018/2019,Tottenham,2018-10-06,2018-10-07,15:00 ,Matchweek 8,Sat,Home,W,1,0,Cardiff City,2.2,1,75,"43,268",Hugo Lloris,4/4/2002,Mike Dean,Match Report,,10-06-2018 15:00 ,Tottenham until:2018-10-06,Tottenham until:2018-10-07
2018/2019,Arsenal,2018-09-29,2018-09-30,15:00 ,Matchweek 7,Sat,Home,W,2,0,Watford,1.6,1.5,63,"60,019",Petr Čech,4-2-3-1,Anthony Taylor,Match Report,,09-29-2018 15:00 ,Arsenal until:2018-09-29,Arsenal until:2018-09-30
2018/2019,Tottenham,2018-09-29,2018-09-30,15:00 ,Matchweek 7,Sat,Away,W,2,0,Huddersfield,1.9,0.4,48,"23,885",Harry Kane,3/4/2003,Craig Pawson,Match Report,,09-29-2018 15:00 ,Tottenham until:2018-09-29,Tottenham until:2018-09-30
2018/2019,Arsenal,2018-09-23,2018-09-24,16:00 ,Matchweek 6,Sun,Home,W,2,0,Everton,0.9,0.7,61,"59,964",Petr Čech,4-2-3-1,Jonathan Moss,Match Report,,09-23-2018 16:00 ,Arsenal until:2018-09-23,Arsenal until:2018-09-24
2018/2019,Tottenham,2018-09-22,2018-09-23,17:30 ,Matchweek 6,Sat,Away,W,2,1,Brighton,2.1,0.8,70,"30,531",Harry Kane,4-2-3-1,Chris Kavanagh,Match Report,,09-22-2018 17:30 ,Tottenham until:2018-09-22,Tottenham until:2018-09-23
2018/2019,Arsenal,2018-09-15,2018-09-16,15:00 ,Matchweek 5,Sat,Away,W,2,1,Newcastle Utd,1.1,0.4,63,"52,165",Petr Čech,4-2-3-1,Lee Probert,Match Report,,09-15-2018 15:00 ,Arsenal until:2018-09-15,Arsenal until:2018-09-16
2018/2019,Tottenham,2018-09-15,2018-09-16,12:30 ,Matchweek 5,Sat,Home,L,1,2,Liverpool,1.4,2.5,60,"80,188",Harry Kane,4-4-2◆,Michael Oliver,Match Report,,09-15-2018 12:30 ,Tottenham until:2018-09-15,Tottenham until:2018-09-16
2018/2019,Arsenal,2018-09-02,2018-09-03,13:30 ,Matchweek 4,Sun,Away,W,3,2,Cardiff City,1.5,1.4,72,"32,316",Petr Čech,4-2-3-1,Anthony Taylor,Match Report,,09-02-2018 13:30 ,Arsenal until:2018-09-02,Arsenal until:2018-09-03
2018/2019,Tottenham,2018-09-02,2018-09-03,16:00 ,Matchweek 4,Sun,Away,L,1,2,Watford,0.6,0.4,66,"20,141",Harry Kane,3/5/2002,Andre Marriner,Match Report,,09-02-2018 16:00 ,Tottenham until:2018-09-02,Tottenham until:2018-09-03
2018/2019,Tottenham,2018-08-27,2018-08-28,20:00 ,Matchweek 3,Mon,Away,W,3,0,Manchester Utd,1.4,1.8,44,"74,400",Hugo Lloris,4-4-2◆,Craig Pawson,Match Report,,08-27-2018 20:00 ,Tottenham until:2018-08-27,Tottenham until:2018-08-28
2018/2019,Arsenal,2018-08-25,2018-08-26,15:00 ,Matchweek 3,Sat,Home,W,3,1,West Ham,1.8,1.6,61,"59,830",Petr Čech,4-2-3-1,Graham Scott,Match Report,,08-25-2018 15:00 ,Arsenal until:2018-08-25,Arsenal until:2018-08-26
2018/2019,Arsenal,2018-08-18,2018-08-19,17:30 ,Matchweek 2,Sat,Away,L,2,3,Chelsea,2.1,2.6,38,"40,491",Petr Čech,4-2-3-1,Martin Atkinson,Match Report,,08-18-2018 17:30 ,Arsenal until:2018-08-18,Arsenal until:2018-08-19
2018/2019,Tottenham,2018-08-18,2018-08-19,15:00 ,Matchweek 2,Sat,Home,W,3,1,Fulham,3.1,1.2,59,"58,297",Hugo Lloris,3/5/2002,Anthony Taylor,Match Report,,08-18-2018 15:00 ,Tottenham until:2018-08-18,Tottenham until:2018-08-19
2018/2019,Arsenal,2018-08-12,2018-08-13,16:00 ,Matchweek 1,Sun,Home,L,0,2,Manchester City,0.6,1.8,43,"59,934",Petr Čech,4-2-3-1,Michael Oliver,Match Report,,08-12-2018 16:00 ,Arsenal until:2018-08-12,Arsenal until:2018-08-13
2018/2019,Tottenham,2018-08-11,2018-08-12,12:30 ,Matchweek 1,Sat,Away,W,2,1,Newcastle Utd,2,0.9,60,"51,749",Hugo Lloris,4-3-2-1,Martin Atkinson,Match Report,,08-11-2018 12:30 ,Tottenham until:2018-08-11,Tottenham until:2018-08-12
2017/2018,Arsenal,2018-05-13,2018-05-14,15:00 ,Matchweek 38,Sun,Away,W,1,0,Huddersfield,2.1,1.5,54,"24,122",Aaron Ramsey,4/3/2003,Michael Oliver,Match Report,,05-13-2018 15:00 ,Arsenal until:2018-05-13,Arsenal until:2018-05-14
2017/2018,Tottenham,2018-05-13,2018-05-14,15:00 ,Matchweek 38,Sun,Home,W,5,4,Leicester City,2.2,1.7,63,"77,841",Hugo Lloris,4-2-3-1,Craig Pawson,Match Report,,05-13-2018 15:00 ,Tottenham until:2018-05-13,Tottenham until:2018-05-14
2017/2018,Arsenal,2018-05-09,2018-05-10,19:45 ,Matchweek 31,Wed,Away,L,1,3,Leicester City,1.4,2.2,60,"32,095",Petr Čech,4/3/2003,Graham Scott,Match Report,,05-09-2018 19:45 ,Arsenal until:2018-05-09,Arsenal until:2018-05-10
2017/2018,Tottenham,2018-05-09,2018-05-10,20:00 ,Matchweek 31,Wed,Home,W,1,0,Newcastle Utd,0.9,1.4,65,"54,923",Hugo Lloris,4-2-3-1,Niel Swarbrick,Match Report,,05-09-2018 20:00 ,Tottenham until:2018-05-09,Tottenham until:2018-05-10
2017/2018,Arsenal,2018-05-06,2018-05-07,16:30 ,Matchweek 37,Sun,Home,W,5,0,Burnley,2.5,0.3,63,"59,540",Petr Čech,4/3/2003,Andre Marriner,Match Report,,05-06-2018 16:30 ,Arsenal until:2018-05-06,Arsenal until:2018-05-07
2017/2018,Tottenham,2018-05-05,2018-05-06,15:00 ,Matchweek 37,Sat,Away,L,0,1,West Brom,1,1.4,76,"23,685",Hugo Lloris,3/4/2003,Mike Jones,Match Report,,05-05-2018 15:00 ,Tottenham until:2018-05-05,Tottenham until:2018-05-06
2017/2018,Tottenham,2018-04-30,2018-05-01,20:00 ,Matchweek 36,Mon,Home,W,2,0,Watford,1.4,0.9,61,"52,675",Hugo Lloris,4-2-3-1,Michael Oliver,Match Report,,04-30-2018 20:00 ,Tottenham until:2018-04-30,Tottenham until:2018-05-01
2017/2018,Arsenal,2018-04-29,2018-04-30,16:30 ,Matchweek 36,Sun,Away,L,1,2,Manchester Utd,0.4,1.7,41,"75,035",Granit Xhaka,4-2-3-1,Kevin Friend,Match Report,,04-29-2018 16:30 ,Arsenal until:2018-04-29,Arsenal until:2018-04-30
2017/2018,Arsenal,2018-04-22,2018-04-23,13:30 ,Matchweek 35,Sun,Home,W,4,1,West Ham,1.5,1.1,67,"59,422",Laurent Koscielny,4/3/2003,Lee Mason,Match Report,,04-22-2018 13:30 ,Arsenal until:2018-04-22,Arsenal until:2018-04-23
2017/2018,Tottenham,2018-04-17,2018-04-18,19:45 ,Matchweek 35,Tue,Away,D,1,1,Brighton,1.2,1,63,"30,440",Hugo Lloris,4-2-3-1,Kevin Friend,Match Report,,04-17-2018 19:45 ,Tottenham until:2018-04-17,Tottenham until:2018-04-18
2017/2018,Arsenal,2018-04-15,2018-04-16,13:30 ,Matchweek 34,Sun,Away,L,1,2,Newcastle Utd,1.1,1.1,71,"52,210",Petr Čech,4/3/2003,Anthony Taylor,Match Report,,04-15-2018 13:30 ,Arsenal until:2018-04-15,Arsenal until:2018-04-16
2017/2018,Tottenham,2018-04-14,2018-04-15,19:45 ,Matchweek 34,Sat,Home,L,1,3,Manchester City,0.5,2.9,48,"80,811",Hugo Lloris,4-2-3-1,Jonathan Moss,Match Report,,04-14-2018 19:45 ,Tottenham until:2018-04-14,Tottenham until:2018-04-15
2017/2018,Arsenal,2018-04-08,2018-04-09,14:15 ,Matchweek 33,Sun,Home,W,3,2,Southampton,1.8,2.2,65,"59,374",Petr Čech,4-2-3-1,Andre Marriner,Match Report,,04-08-2018 14:15 ,Arsenal until:2018-04-08,Arsenal until:2018-04-09
2017/2018,Tottenham,2018-04-07,2018-04-08,15:00 ,Matchweek 33,Sat,Away,W,2,1,Stoke City,1.5,1.4,65,"29,515",Hugo Lloris,4-2-3-1,Graham Scott,Match Report,,04-07-2018 15:00 ,Tottenham until:2018-04-07,Tottenham until:2018-04-08
2017/2018,Arsenal,2018-04-01,2018-04-02,13:30 ,Matchweek 32,Sun,Home,W,3,0,Stoke City,4,0.4,69,"59,371",Jack Wilshere,4-2-3-1,Craig Pawson,Match Report,,04-01-2018 13:30 ,Arsenal until:2018-04-01,Arsenal until:2018-04-02
2017/2018,Tottenham,2018-04-01,2018-04-02,16:00 ,Matchweek 32,Sun,Away,W,3,1,Chelsea,1.1,1.2,52,"41,364",Hugo Lloris,4-2-3-1,Andre Marriner,Match Report,,04-01-2018 16:00 ,Tottenham until:2018-04-01,Tottenham until:2018-04-02
2017/2018,Arsenal,2018-03-11,2018-03-12,13:30 ,Matchweek 30,Sun,Home,W,3,0,Watford,2.8,1.5,59,"59,131",Petr Čech,4-2-3-1,Martin Atkinson,Match Report,,03-11-2018 13:30 ,Arsenal until:2018-03-11,Arsenal until:2018-03-12
2017/2018,Tottenham,2018-03-11,2018-03-12,16:00 ,Matchweek 30,Sun,Away,W,4,1,Bournemouth,2.1,0.8,64,"10,623",Hugo Lloris,4-2-3-1,Mike Dean,Match Report,,03-11-2018 16:00 ,Tottenham until:2018-03-11,Tottenham until:2018-03-12
2017/2018,Arsenal,2018-03-04,2018-03-05,13:30 ,Matchweek 29,Sun,Away,L,1,2,Brighton,1.3,0.9,67,"30,620",Laurent Koscielny,4-2-3-1,Stuart Attwell,Match Report,,03-04-2018 13:30 ,Arsenal until:2018-03-04,Arsenal until:2018-03-05
2017/2018,Tottenham,2018-03-03,2018-03-04,15:00 ,Matchweek 29,Sat,Home,W,2,0,Huddersfield,1.8,0.1,74,"68,311",Hugo Lloris,4-2-3-1,Kevin Friend,Match Report,,03-03-2018 15:00 ,Tottenham until:2018-03-03,Tottenham until:2018-03-04
2017/2018,Arsenal,2018-03-01,2018-03-02,19:45 ,Matchweek 28,Thu,Home,L,0,3,Manchester City,1.3,1.5,46,"58,420",Laurent Koscielny,4-2-3-1,Andre Marriner,Match Report,,03-01-2018 19:45 ,Arsenal until:2018-03-01,Arsenal until:2018-03-02
2017/2018,Tottenham,2018-02-25,2018-02-26,12:00 ,Matchweek 28,Sun,Away,W,1,0,Crystal Palace,1.4,0.3,75,"25,287",Hugo Lloris,4-2-3-1,Kevin Friend,Match Report,,02-25-2018 12:00 ,Tottenham until:2018-02-25,Tottenham until:2018-02-26
2017/2018,Arsenal,2018-02-10,2018-02-11,12:30 ,Matchweek 27,Sat,Away,L,0,1,Tottenham,0.6,2.1,50,"83,222",Laurent Koscielny,4/3/2003,Anthony Taylor,Match Report,,02-10-2018 12:30 ,Arsenal until:2018-02-10,Arsenal until:2018-02-11
2017/2018,Tottenham,2018-02-10,2018-02-11,12:30 ,Matchweek 27,Sat,Home,W,1,0,Arsenal,2.1,0.6,50,"83,222",Hugo Lloris,4-2-3-1,Anthony Taylor,Match Report,,02-10-2018 12:30 ,Tottenham until:2018-02-10,Tottenham until:2018-02-11
2017/2018,Tottenham,2018-02-04,2018-02-05,16:30 ,Matchweek 26,Sun,Away,D,2,2,Liverpool,2.2,1.1,66,"53,213",Hugo Lloris,4-4-2◆,Jonathan Moss,Match Report,,02-04-2018 16:30 ,Tottenham until:2018-02-04,Tottenham until:2018-02-05
2017/2018,Arsenal,2018-02-03,2018-02-04,17:30 ,Matchweek 26,Sat,Home,W,5,1,Everton,2.7,1.2,57,"59,306",Laurent Koscielny,4-2-3-1,Niel Swarbrick,Match Report,,02-03-2018 17:30 ,Arsenal until:2018-02-03,Arsenal until:2018-02-04
2017/2018,Tottenham,2018-01-31,2018-02-01,20:00 ,Matchweek 25,Wed,Home,W,2,0,Manchester Utd,2,1,51,"81,978",Hugo Lloris,4-2-3-1,Andre Marriner,Match Report,,01-31-2018 20:00 ,Tottenham until:2018-01-31,Tottenham until:2018-02-01
2017/2018,Arsenal,2018-01-30,2018-01-31,19:45 ,Matchweek 25,Tue,Away,L,1,3,Swansea City,1,1.7,74,"20,819",Laurent Koscielny,4/3/2003,Lee Mason,Match Report,,01-30-2018 19:45 ,Arsenal until:2018-01-30,Arsenal until:2018-01-31
2017/2018,Tottenham,2018-01-21,2018-01-22,16:00 ,Matchweek 24,Sun,Away,D,1,1,Southampton,2.1,0.8,59,"31,361",Harry Kane,4-2-3-1,Kevin Friend,Match Report,,01-21-2018 16:00 ,Tottenham until:2018-01-21,Tottenham until:2018-01-22
2017/2018,Arsenal,2018-01-20,2018-01-21,15:00 ,Matchweek 24,Sat,Home,W,4,1,Crystal Palace,2.5,0.7,62,"59,386",Laurent Koscielny,4-1-4-1,Chris Kavanagh,Match Report,,01-20-2018 15:00 ,Arsenal until:2018-01-20,Arsenal until:2018-01-21
2017/2018,Arsenal,2018-01-14,2018-01-15,13:30 ,Matchweek 23,Sun,Away,L,1,2,Bournemouth,1.3,1.1,59,"10,836",Petr Čech,3/4/2003,Kevin Friend,Match Report,,01-14-2018 13:30 ,Arsenal until:2018-01-14,Arsenal until:2018-01-15
2017/2018,Tottenham,2018-01-13,2018-01-14,17:30 ,Matchweek 23,Sat,Home,W,4,0,Everton,3.5,0.3,61,"76,251",Hugo Lloris,4-2-3-1,Craig Pawson,Match Report,,01-13-2018 17:30 ,Tottenham until:2018-01-13,Tottenham until:2018-01-14
2017/2018,Tottenham,2018-01-04,2018-01-05,20:00 ,Matchweek 21,Thu,Home,D,1,1,West Ham,2.1,0.3,70,"50,034",Hugo Lloris,4-2-3-1,Mike Dean,Match Report,,01-04-2018 20:00 ,Tottenham until:2018-01-04,Tottenham until:2018-01-05
2017/2018,Arsenal,2018-01-03,2018-01-04,19:45 ,Matchweek 22,Wed,Home,D,2,2,Chelsea,1.6,3.2,59,"59,379",Petr Čech,3/4/2003,Anthony Taylor,Match Report,,01-03-2018 19:45 ,Arsenal until:2018-01-03,Arsenal until:2018-01-04
2017/2018,Tottenham,2018-01-02,2018-01-03,19:45 ,Matchweek 22,Tue,Away,W,2,0,Swansea City,1.4,0.4,67,"20,615",Hugo Lloris,4-2-3-1,Robert Madley,Match Report,,01-02-2018 19:45 ,Tottenham until:2018-01-02,Tottenham until:2018-01-03
2017/2018,Arsenal,2017-12-31,2018-01-01,16:30 ,Matchweek 21,Sun,Away,D,1,1,West Brom,1.4,1.6,65,"26,223",Laurent Koscielny,3/4/2003,Mike Dean,Match Report,,12-31-2017 16:30 ,Arsenal until:2017-12-31,Arsenal until:2018-01-01
2017/2018,Arsenal,2017-12-28,2017-12-29,20:00 ,Matchweek 20,Thu,Away,W,3,2,Crystal Palace,1.2,1.2,64,"25,762",Laurent Koscielny,3/4/2003,Michael Oliver,Match Report,,12-28-2017 20:00 ,Arsenal until:2017-12-28,Arsenal until:2017-12-29
2017/2018,Tottenham,2017-12-26,2017-12-27,12:30 ,Matchweek 20,Tue,Home,W,5,2,Southampton,3,1.1,56,"55,412",Hugo Lloris,4-2-3-1,Graham Scott,Match Report,,12-26-2017 12:30 ,Tottenham until:2017-12-26,Tottenham until:2017-12-27
2017/2018,Tottenham,2017-12-23,2017-12-24,17:30 ,Matchweek 19,Sat,Away,W,3,0,Burnley,3.9,0.3,60,"21,650",Hugo Lloris,4-2-3-1,Michael Oliver,Match Report,,12-23-2017 17:30 ,Tottenham until:2017-12-23,Tottenham until:2017-12-24
2017/2018,Arsenal,2017-12-22,2017-12-23,19:45 ,Matchweek 19,Fri,Home,D,3,3,Liverpool,1.1,2.1,54,"59,409",Laurent Koscielny,4-2-3-1,Martin Atkinson,Match Report,,12-22-2017 19:45 ,Arsenal until:2017-12-22,Arsenal until:2017-12-23
2017/2018,Arsenal,2017-12-16,2017-12-17,15:00 ,Matchweek 18,Sat,Home,W,1,0,Newcastle Utd,1.8,0.4,71,"59,379",Laurent Koscielny,4/3/2003,Stuart Attwell,Match Report,,12-16-2017 15:00 ,Arsenal until:2017-12-16,Arsenal until:2017-12-17
2017/2018,Tottenham,2017-12-16,2017-12-17,17:30 ,Matchweek 18,Sat,Away,L,1,4,Manchester City,0.3,4.4,48,"54,214",Hugo Lloris,4-4-2◆,Craig Pawson,Match Report,,12-16-2017 17:30 ,Tottenham until:2017-12-16,Tottenham until:2017-12-17
2017/2018,Arsenal,2017-12-13,2017-12-14,20:00 ,Matchweek 17,Wed,Away,D,0,0,West Ham,1.2,0.6,68,"56,921",Laurent Koscielny,4/3/2003,Jonathan Moss,Match Report,,12-13-2017 20:00 ,Arsenal until:2017-12-13,Arsenal until:2017-12-14
2017/2018,Tottenham,2017-12-13,2017-12-14,20:00 ,Matchweek 17,Wed,Home,W,2,0,Brighton,1.8,0.6,73,"46,438",Hugo Lloris,4-2-3-1,Robert Madley,Match Report,,12-13-2017 20:00 ,Tottenham until:2017-12-13,Tottenham until:2017-12-14
2017/2018,Arsenal,2017-12-10,2017-12-11,12:00 ,Matchweek 16,Sun,Away,D,1,1,Southampton,0.8,1.5,67,"31,643",Per Mertesacker,3/4/2003,Robert Madley,Match Report,,12-10-2017 12:00 ,Arsenal until:2017-12-10,Arsenal until:2017-12-11
2017/2018,Tottenham,2017-12-09,2017-12-10,15:00 ,Matchweek 16,Sat,Home,W,5,1,Stoke City,3.4,0.6,70,"62,202",Hugo Lloris,4-2-3-1,Roger East,Match Report,,12-09-2017 15:00 ,Tottenham until:2017-12-09,Tottenham until:2017-12-10
2017/2018,Arsenal,2017-12-02,2017-12-03,17:30 ,Matchweek 15,Sat,Home,L,1,3,Manchester Utd,3.8,2.4,75,"59,547",Laurent Koscielny,3/4/2003,Andre Marriner,Match Report,,12-02-2017 17:30 ,Arsenal until:2017-12-02,Arsenal until:2017-12-03
2017/2018,Tottenham,2017-12-02,2017-12-03,15:00 ,Matchweek 15,Sat,Away,D,1,1,Watford,1.1,0.3,50,"20,278",Hugo Lloris,4-2-3-1,Martin Atkinson,Match Report,,12-02-2017 15:00 ,Tottenham until:2017-12-02,Tottenham until:2017-12-03
2017/2018,Arsenal,2017-11-29,2017-11-30,19:45 ,Matchweek 14,Wed,Home,W,5,0,Huddersfield,4.5,0.8,69,"59,285",Laurent Koscielny,3/4/2003,Graham Scott,Match Report,,11-29-2017 19:45 ,Arsenal until:2017-11-29,Arsenal until:2017-11-30
2017/2018,Tottenham,2017-11-28,2017-11-29,19:45 ,Matchweek 14,Tue,Away,L,1,2,Leicester City,2.6,0.6,61,"31,950",Hugo Lloris,3/5/2002,Anthony Taylor,Match Report,,11-28-2017 19:45 ,Tottenham until:2017-11-28,Tottenham until:2017-11-29
2017/2018,Arsenal,2017-11-26,2017-11-27,14:00 ,Matchweek 13,Sun,Away,W,1,0,Burnley,1.8,0.4,63,"21,722",Laurent Koscielny,3/4/2003,Lee Mason,Match Report,,11-26-2017 14:00 ,Arsenal until:2017-11-26,Arsenal until:2017-11-27
2017/2018,Tottenham,2017-11-25,2017-11-26,15:00 ,Matchweek 13,Sat,Home,D,1,1,West Brom,1.6,0.7,71,"65,905",Hugo Lloris,3/5/2002,Mike Jones,Match Report,,11-25-2017 15:00 ,Tottenham until:2017-11-25,Tottenham until:2017-11-26
2017/2018,Arsenal,2017-11-18,2017-11-19,12:30 ,Matchweek 12,Sat,Home,W,2,0,Tottenham,1.4,1.4,42,"59,530",Laurent Koscielny,3/4/2003,Mike Dean,Match Report,,11-18-2017 12:30 ,Arsenal until:2017-11-18,Arsenal until:2017-11-19
2017/2018,Tottenham,2017-11-18,2017-11-19,12:30 ,Matchweek 12,Sat,Away,L,0,2,Arsenal,1.4,1.4,58,"59,530",Hugo Lloris,3/5/2002,Mike Dean,Match Report,,11-18-2017 12:30 ,Tottenham until:2017-11-18,Tottenham until:2017-11-19
2017/2018,Arsenal,2017-11-05,2017-11-06,14:15 ,Matchweek 11,Sun,Away,L,1,3,Manchester City,0.4,2,42,"54,286",Laurent Koscielny,3/4/2003,Michael Oliver,Match Report,,11-05-2017 14:15 ,Arsenal until:2017-11-05,Arsenal until:2017-11-06
2017/2018,Tottenham,2017-11-05,2017-11-06,12:00 ,Matchweek 11,Sun,Home,W,1,0,Crystal Palace,0.9,1,68,"65,270",Harry Kane,3-5-1-1,Kevin Friend,Match Report,,11-05-2017 12:00 ,Tottenham until:2017-11-05,Tottenham until:2017-11-06
2017/2018,Arsenal,2017-10-28,2017-10-29,15:00 ,Matchweek 10,Sat,Home,W,2,1,Swansea City,1.6,0.6,72,"59,493",Per Mertesacker,3/4/2003,Lee Mason,Match Report,,10-28-2017 15:00 ,Arsenal until:2017-10-28,Arsenal until:2017-10-29
2017/2018,Tottenham,2017-10-28,2017-10-29,12:30 ,Matchweek 10,Sat,Away,L,0,1,Manchester Utd,1,0.8,55,"75,034",Hugo Lloris,3-5-1-1,Jonathan Moss,Match Report,,10-28-2017 12:30 ,Tottenham until:2017-10-28,Tottenham until:2017-10-29
2017/2018,Arsenal,2017-10-22,2017-10-23,13:30 ,Matchweek 9,Sun,Away,W,5,2,Everton,2.8,1.3,67,"39,189",Per Mertesacker,3/4/2003,Craig Pawson,Match Report,,10-22-2017 13:30 ,Arsenal until:2017-10-22,Arsenal until:2017-10-23
2017/2018,Tottenham,2017-10-22,2017-10-23,16:00 ,Matchweek 9,Sun,Home,W,4,1,Liverpool,1.8,0.6,37,"80,827",Hugo Lloris,3/5/2002,Andre Marriner,Match Report,,10-22-2017 16:00 ,Tottenham until:2017-10-22,Tottenham until:2017-10-23
2017/2018,Arsenal,2017-10-14,2017-10-15,17:30 ,Matchweek 8,Sat,Away,L,1,2,Watford,1.1,1.8,54,"20,384",Per Mertesacker,3/4/2003,Niel Swarbrick,Match Report,,10-14-2017 17:30 ,Arsenal until:2017-10-14,Arsenal until:2017-10-15
2017/2018,Tottenham,2017-10-14,2017-10-15,15:00 ,Matchweek 8,Sat,Home,W,1,0,Bournemouth,2.4,0.4,73,"73,502",Hugo Lloris,4-2-3-1,Robert Madley,Match Report,,10-14-2017 15:00 ,Tottenham until:2017-10-14,Tottenham until:2017-10-15
2017/2018,Arsenal,2017-10-01,2017-10-02,12:00 ,Matchweek 7,Sun,Home,W,2,0,Brighton,3,0.4,63,"59,378",Petr Čech,3/4/2003,Kevin Friend,Match Report,,10-01-2017 12:00 ,Arsenal until:2017-10-01,Arsenal until:2017-10-02
2017/2018,Tottenham,2017-09-30,2017-10-01,12:30 ,Matchweek 7,Sat,Away,W,4,0,Huddersfield,2,0.2,59,"24,169",Hugo Lloris,3/4/2003,Niel Swarbrick,Match Report,,09-30-2017 12:30 ,Tottenham until:2017-09-30,Tottenham until:2017-10-01
2017/2018,Arsenal,2017-09-25,2017-09-26,20:00 ,Matchweek 6,Mon,Home,W,2,0,West Brom,2.4,0.7,69,"59,134",Laurent Koscielny,3/4/2003,Robert Madley,Match Report,,09-25-2017 20:00 ,Arsenal until:2017-09-25,Arsenal until:2017-09-26
2017/2018,Tottenham,2017-09-23,2017-09-24,12:30 ,Matchweek 6,Sat,Away,W,3,2,West Ham,1.5,0.9,50,"56,988",Hugo Lloris,3-5-1-1,Michael Oliver,Match Report,,09-23-2017 12:30 ,Tottenham until:2017-09-23,Tottenham until:2017-09-24
2017/2018,Arsenal,2017-09-17,2017-09-18,13:30 ,Matchweek 5,Sun,Away,D,0,0,Chelsea,1.4,0.8,48,"41,478",Laurent Koscielny,3/4/2003,Michael Oliver,Match Report,,09-17-2017 13:30 ,Arsenal until:2017-09-17,Arsenal until:2017-09-18
2017/2018,Tottenham,2017-09-16,2017-09-17,17:30 ,Matchweek 5,Sat,Home,D,0,0,Swansea City,1.5,0.2,75,"65,366",Hugo Lloris,3-5-1-1,Mike Dean,Match Report,,09-16-2017 17:30 ,Tottenham until:2017-09-16,Tottenham until:2017-09-17
2017/2018,Arsenal,2017-09-09,2017-09-10,15:00 ,Matchweek 4,Sat,Home,W,3,0,Bournemouth,2,0.9,58,"59,262",Laurent Koscielny,3/4/2003,Anthony Taylor,Match Report,,09-09-2017 15:00 ,Arsenal until:2017-09-09,Arsenal until:2017-09-10
2017/2018,Tottenham,2017-09-09,2017-09-10,15:00 ,Matchweek 4,Sat,Away,W,3,0,Everton,2,0.9,50,"38,835",Hugo Lloris,3-5-1-1,Graham Scott,Match Report,,09-09-2017 15:00 ,Tottenham until:2017-09-09,Tottenham until:2017-09-10
2017/2018,Arsenal,2017-08-27,2017-08-28,16:00 ,Matchweek 3,Sun,Away,L,0,4,Liverpool,0.7,3,51,"53,206",Laurent Koscielny,3/4/2003,Craig Pawson,Match Report,,08-27-2017 16:00 ,Arsenal until:2017-08-27,Arsenal until:2017-08-28
2017/2018,Tottenham,2017-08-27,2017-08-28,16:00 ,Matchweek 3,Sun,Home,D,1,1,Burnley,2.3,0.9,66,"67,862",Hugo Lloris,4-2-3-1,Lee Mason,Match Report,,08-27-2017 16:00 ,Tottenham until:2017-08-27,Tottenham until:2017-08-28
2017/2018,Tottenham,2017-08-20,2017-08-21,16:00 ,Matchweek 2,Sun,Home,L,1,2,Chelsea,0.6,0.8,68,"73,587",Hugo Lloris,4-3-2-1,Anthony Taylor,Match Report,,08-20-2017 16:00 ,Tottenham until:2017-08-20,Tottenham until:2017-08-21
2017/2018,Arsenal,2017-08-19,2017-08-20,17:30 ,Matchweek 2,Sat,Away,L,0,1,Stoke City,1.6,1,76,"29,459",Petr Čech,3/4/2003,Andre Marriner,Match Report,,08-19-2017 17:30 ,Arsenal until:2017-08-19,Arsenal until:2017-08-20
2017/2018,Tottenham,2017-08-13,2017-08-14,13:30 ,Matchweek 1,Sun,Away,W,2,0,Newcastle Utd,1.9,0.6,72,"52,077",Hugo Lloris,4-2-3-1,Andre Marriner,Match Report,,08-13-2017 13:30 ,Tottenham until:2017-08-13,Tottenham until:2017-08-14
2017/2018,Arsenal,2017-08-11,2017-08-12,19:45 ,Matchweek 1,Fri,Home,W,4,3,Leicester City,2.3,1.3,69,"59,387",Petr Čech,3/4/2003,Mike Dean,Match Report,,08-11-2017 19:45 ,Arsenal until:2017-08-11,Arsenal until:2017-08-12
